DATE,EAFE
2014-01-02,1894.74
2014-01-03,1898.6
2014-01-06,1893.19
2014-01-07,1895.14
2014-01-08,1903.06
2014-01-09,1892.69
2014-01-10,1910.51
2014-01-13,1915.64
2014-01-14,1907.23
2014-01-15,1916.3
2014-01-16,1916.4
2014-01-17,1919.9
2014-01-21,1918.62
2014-01-22,1923.41
2014-01-23,1916.36
2014-01-24,1881.51
2014-01-27,1858.23
2014-01-28,1860.91
2014-01-29,1864.69
2014-01-30,1847.18
2014-01-31,1837.64
2014-02-03,1820.39
2014-02-04,1796.86
2014-02-05,1807.92
2014-02-06,1832.15
2014-02-07,1851.35
2014-02-10,1861.55
2014-02-11,1882.74
2014-02-12,1890.26
2014-02-13,1889.48
2014-02-14,1896.46
2014-02-18,1920.57
2014-02-19,1921.95
2014-02-20,1908.55
2014-02-21,1924.84
2014-02-24,1932.82
2014-02-25,1938.47
2014-02-26,1925.86
2014-02-27,1923.34
2014-02-28,1935.88
2014-03-03,1898.87
2014-03-04,1922.69
2014-03-05,1925.66
2014-03-06,1940.23
2014-03-07,1927.45
2014-03-10,1916.73
2014-03-11,1917.99
2014-03-12,1898.2
2014-03-13,1889.43
2014-03-14,1867.14
2014-03-17,1878.4
2014-03-18,1890.8
2014-03-19,1888.12
2014-03-20,1864.01
2014-03-21,1868.31
2014-03-24,1861.84
2014-03-25,1877.71
2014-03-26,1892.99
2014-03-27,1892.86
2014-03-28,1904.13
2014-03-31,1915.69
2014-04-01,1923.44
2014-04-02,1926.03
2014-04-03,1924.32
2014-04-04,1932.01
2014-04-07,1914.93
2014-04-08,1914.95
2014-04-09,1918.08
2014-04-10,1919.8
2014-04-11,1896.21
2014-04-14,1892.48
2014-04-15,1882.24
2014-04-16,1904.98
2014-04-17,1914.1
2014-04-21,1912.14
2014-04-22,1927.0
2014-04-23,1926.31
2014-04-24,1927.38
2014-04-25,1920.47
2014-04-28,1918.51
2014-04-29,1930.98
2014-04-30,1936.67
2014-05-01,1943.58
2014-05-02,1941.23
2014-05-05,1939.04
2014-05-06,1944.72
2014-05-07,1931.81
2014-05-08,1944.74
2014-05-09,1931.84
2014-05-12,1937.35
2014-05-13,1944.89
2014-05-14,1948.13
2014-05-15,1937.72
2014-05-16,1933.3
2014-05-19,1928.63
2014-05-20,1924.1
2014-05-21,1925.9
2014-05-22,1934.6
2014-05-23,1938.56
2014-05-27,1950.82
2014-05-28,1950.03
2014-05-29,1955.68
2014-05-30,1956.61
2014-06-02,1960.05
2014-06-03,1956.49
2014-06-04,1956.66
2014-06-05,1961.57
2014-06-06,1973.22
2014-06-09,1974.15
2014-06-10,1973.02
2014-06-11,1969.74
2014-06-12,1971.83
2014-06-13,1967.38
2014-06-16,1963.72
2014-06-17,1962.86
2014-06-18,1967.26
2014-06-19,1992.69
2014-06-20,1983.81
2014-06-23,1980.0
2014-06-24,1976.09
2014-06-25,1963.74
2014-06-26,1963.27
2014-06-27,1966.2
2014-06-30,1972.12
2014-07-01,1986.04
2014-07-02,1990.23
2014-07-03,1995.49
2014-07-07,1981.35
2014-07-08,1964.55
2014-07-09,1963.23
2014-07-10,1943.93
2014-07-11,1945.31
2014-07-14,1962.21
2014-07-15,1954.0
2014-07-16,1968.84
2014-07-17,1954.86
2014-07-18,1951.72
2014-07-21,1946.79
2014-07-22,1961.82
2014-07-23,1964.86
2014-07-24,1969.28
2014-07-25,1960.0
2014-07-28,1959.79
2014-07-29,1960.95
2014-07-30,1949.32
2014-07-31,1932.66
2014-08-01,1918.14
2014-08-04,1912.21
2014-08-05,1905.08
2014-08-06,1890.97
2014-08-07,1883.08
2014-08-08,1870.16
2014-08-11,1891.55
2014-08-12,1889.77
2014-08-13,1897.81
2014-08-14,1904.96
2014-08-15,1900.52
2014-08-18,1913.59
2014-08-19,1919.99
2014-08-20,1915.17
2014-08-21,1924.4
2014-08-22,1913.58
2014-08-25,1925.99
2014-08-26,1933.4
2014-08-27,1936.08
2014-08-28,1922.93
2014-08-29,1924.62
2014-09-02,1923.36
2014-09-03,1937.3
2014-09-04,1932.59
2014-09-05,1925.58
2014-09-08,1917.07
2014-09-09,1905.6
2014-09-10,1903.36
2014-09-11,1903.85
2014-09-12,1900.57
2014-09-15,1897.3
2014-09-16,1892.01
2014-09-17,1895.61
2014-09-18,1903.37
2014-09-19,1901.0
2014-09-22,1888.37
2014-09-23,1876.31
2014-09-24,1877.13
2014-09-25,1866.41
2014-09-26,1856.03
2014-09-29,1848.19
2014-09-30,1846.08
2014-10-01,1830.55
2014-10-02,1799.52
2014-10-03,1792.34
2014-10-06,1807.95
2014-10-07,1798.85
2014-10-08,1787.01
2014-10-09,1786.21
2014-10-10,1748.97
2014-10-13,1755.84
2014-10-14,1746.9
2014-10-15,1726.59
2014-10-16,1714.64
2014-10-17,1737.51
2014-10-20,1747.88
2014-10-21,1763.08
2014-10-22,1775.06
2014-10-23,1776.57
2014-10-24,1778.62
2014-10-27,1781.35
2014-10-28,1795.37
2014-10-29,1805.63
2014-10-30,1798.61
2014-10-31,1818.35
2014-11-03,1795.74
2014-11-04,1805.73
2014-11-05,1811.71
2014-11-06,1804.1
2014-11-07,1798.65
2014-11-10,1810.5
2014-11-11,1814.16
2014-11-12,1808.76
2014-11-13,1812.6
2014-11-14,1813.19
2014-11-17,1805.14
2014-11-18,1826.15
2014-11-19,1820.89
2014-11-20,1815.14
2014-11-21,1831.2
2014-11-24,1832.96
2014-11-25,1842.26
2014-11-26,1848.79
2014-11-28,1839.73
2014-12-01,1834.49
2014-12-02,1834.33
2014-12-03,1831.41
2014-12-04,1830.28
2014-12-05,1832.11
2014-12-08,1824.74
2014-12-09,1811.38
2014-12-10,1797.34
2014-12-11,1787.39
2014-12-12,1767.09
2014-12-15,1729.49
2014-12-16,1752.52
2014-12-17,1740.95
2014-12-18,1767.33
2014-12-19,1782.04
2014-12-22,1789.81
2014-12-23,1784.58
2014-12-24,1790.61
2014-12-26,1789.92
2014-12-29,1793.46
2014-12-30,1778.04
2014-12-31,1774.89
2015-01-02,1762.42
2015-01-05,1726.41
2015-01-06,1705.93
2015-01-07,1697.01
2015-01-08,1733.84
2015-01-09,1729.52
2015-01-12,1734.47
2015-01-13,1745.96
2015-01-14,1727.98
2015-01-15,1744.97
2015-01-16,1741.9
2015-01-20,1767.6
2015-01-21,1778.67
2015-01-22,1780.11
2015-01-23,1787.71
2015-01-26,1792.5
2015-01-27,1807.62
2015-01-28,1802.63
2015-01-29,1792.03
2015-01-30,1782.7
2015-02-02,1791.11
2015-02-03,1805.81
2015-02-04,1818.96
2015-02-05,1820.75
2015-02-06,1812.12
2015-02-09,1805.67
2015-02-10,1808.94
2015-02-11,1798.26
2015-02-12,1822.82
2015-02-13,1839.35
2015-02-17,1841.54
2015-02-18,1854.76
2015-02-19,1863.88
2015-02-20,1866.73
2015-02-23,1874.42
2015-02-24,1880.66
2015-02-25,1884.08
2015-02-26,1880.83
2015-02-27,1886.26
2015-03-02,1879.48
2015-03-03,1870.03
2015-03-04,1862.02
2015-03-05,1865.56
2015-03-06,1848.59
2015-03-09,1838.61
2015-03-10,1807.49
2015-03-11,1807.92
2015-03-12,1821.87
2015-03-13,1815.84
2015-03-16,1832.5
2015-03-17,1831.17
2015-03-18,1845.08
2015-03-19,1851.01
2015-03-20,1887.31
2015-03-23,1900.84
2015-03-24,1900.9
2015-03-25,1900.12
2015-03-26,1874.56
2015-03-27,1869.83
2015-03-30,1871.18
2015-03-31,1849.34
2015-04-01,1851.87
2015-04-02,1870.36
2015-04-06,1890.81
2015-04-07,1895.36
2015-04-08,1893.81
2015-04-09,1895.75
2015-04-10,1901.28
2015-04-13,1894.35
2015-04-14,1909.49
2015-04-15,1904.4
2015-04-16,1912.32
2015-04-17,1896.06
2015-04-20,1897.83
2015-04-21,1911.14
2015-04-22,1910.67
2015-04-23,1916.35
2015-04-24,1931.94
2015-04-27,1948.2
2015-04-28,1945.58
2015-04-29,1933.97
2015-04-30,1918.4
2015-05-01,1913.01
2015-05-04,1913.44
2015-05-05,1899.83
2015-05-06,1911.03
2015-05-07,1893.01
2015-05-08,1925.44
2015-05-11,1923.63
2015-05-12,1920.31
2015-05-13,1935.97
2015-05-14,1942.47
2015-05-15,1949.49
2015-05-18,1946.75
2015-05-19,1936.2
2015-05-20,1938.4
2015-05-21,1948.41
2015-05-22,1935.25
2015-05-26,1906.44
2015-05-27,1915.7
2015-05-28,1913.47
2015-05-29,1898.98
2015-06-01,1891.21
2015-06-02,1903.56
2015-06-03,1917.15
2015-06-04,1903.57
2015-06-05,1865.8
2015-06-08,1863.69
2015-06-09,1858.46
2015-06-10,1892.67
2015-06-11,1895.53
2015-06-12,1890.67
2015-06-15,1867.94
2015-06-16,1870.17
2015-06-17,1860.35
2015-06-18,1881.39
2015-06-19,1882.91
2015-06-22,1922.7
2015-06-23,1919.64
2015-06-24,1913.5
2015-06-25,1910.1
2015-06-26,1898.82
2015-06-29,1855.33
2015-06-30,1842.46
2015-07-01,1856.1
2015-07-02,1856.46
2015-07-06,1819.88
2015-07-07,1792.57
2015-07-08,1791.73
2015-07-09,1816.19
2015-07-10,1851.94
2015-07-13,1862.96
2015-07-14,1877.93
2015-07-15,1878.51
2015-07-16,1893.99
2015-07-17,1889.53
2015-07-20,1893.38
2015-07-21,1894.42
2015-07-22,1872.35
2015-07-23,1877.14
2015-07-24,1861.03
2015-07-27,1846.85
2015-07-28,1848.58
2015-07-29,1861.95
2015-07-30,1858.97
2015-07-31,1879.75
2015-08-03,1877.37
2015-08-04,1876.74
2015-08-05,1878.5
2015-08-06,1875.28
2015-08-07,1868.64
2015-08-10,1883.89
2015-08-11,1865.51
2015-08-12,1842.68
2015-08-13,1845.58
2015-08-14,1840.94
2015-08-17,1840.93
2015-08-18,1835.21
2015-08-19,1811.33
2015-08-20,1795.2
2015-08-21,1756.65
2015-08-24,1696.81
2015-08-25,1714.3
2015-08-26,1706.17
2015-08-27,1731.13
2015-08-28,1747.84
2015-08-31,1736.81
2015-09-01,1694.6
2015-09-02,1689.9
2015-09-03,1704.05
2015-09-04,1671.12
2015-09-08,1691.38
2015-09-09,1730.59
2015-09-10,1710.23
2015-09-11,1704.82
2015-09-14,1697.79
2015-09-15,1701.52
2015-09-16,1728.45
2015-09-17,1731.97
2015-09-18,1713.96
2015-09-21,1698.97
2015-09-22,1658.34
2015-09-23,1654.31
2015-09-24,1639.29
2015-09-25,1660.74
2015-09-28,1638.09
2015-09-29,1609.5
2015-09-30,1644.4
2015-10-01,1654.98
2015-10-02,1668.87
2015-10-05,1702.14
2015-10-06,1719.73
2015-10-07,1729.51
2015-10-08,1733.56
2015-10-09,1758.17
2015-10-12,1758.07
2015-10-13,1741.44
2015-10-14,1731.71
2015-10-15,1753.89
2015-10-16,1763.18
2015-10-19,1754.61
2015-10-20,1751.2
2015-10-21,1758.67
2015-10-22,1759.62
2015-10-23,1777.37
2015-10-26,1779.25
2015-10-27,1764.2
2015-10-28,1776.71
2015-10-29,1759.41
2015-10-30,1771.66
2015-11-02,1763.33
2015-11-03,1761.3
2015-11-04,1761.35
2015-11-05,1758.31
2015-11-06,1743.48
2015-11-09,1735.72
2015-11-10,1729.29
2015-11-11,1743.29
2015-11-12,1728.63
2015-11-13,1712.18
2015-11-16,1706.61
2015-11-17,1733.61
2015-11-18,1731.12
2015-11-19,1757.35
2015-11-20,1754.65
2015-11-23,1743.74
2015-11-24,1734.05
2015-11-25,1740.07
2015-11-27,1746.06
2015-11-30,1741.01
2015-12-01,1753.86
2015-12-02,1748.11
2015-12-03,1740.66
2015-12-04,1730.13
2015-12-07,1732.82
2015-12-08,1712.3
2015-12-09,1719.4
2015-12-10,1705.72
2015-12-11,1690.89
2015-12-14,1665.24
2015-12-15,1674.82
2015-12-16,1696.19
2015-12-17,1698.21
2015-12-18,1687.28
2015-12-21,1682.11
2015-12-22,1689.06
2015-12-23,1712.02
2015-12-24,1721.43
2015-12-28,1717.43
2015-12-29,1733.43
2015-12-30,1726.44
2015-12-31,1717.05
2016-01-04,1673.23
2016-01-05,1668.96
2016-01-06,1649.91
2016-01-07,1629.73
2016-01-08,1609.13
2016-01-11,1604.11
2016-01-12,1597.57
2016-01-13,1613.75
2016-01-14,1585.41
2016-01-15,1564.29
2016-01-19,1569.38
2016-01-20,1517.22
2016-01-21,1523.7
2016-01-22,1565.08
2016-01-25,1568.5
2016-01-26,1570.14
2016-01-27,1585.31
2016-01-28,1574.55
2016-01-29,1591.46
2016-02-01,1604.89
2016-02-02,1580.86
2016-02-03,1570.57
2016-02-04,1584.26
2016-02-05,1566.75
2016-02-08,1538.65
2016-02-09,1515.44
2016-02-10,1512.3
2016-02-11,1495.39
2016-02-12,1492.43
2016-02-16,1539.74
2016-02-17,1559.44
2016-02-18,1568.71
2016-02-19,1557.03
2016-02-22,1573.09
2016-02-23,1559.57
2016-02-24,1532.65
2016-02-25,1554.15
2016-02-26,1558.08
2016-02-29,1558.17
2016-03-01,1572.37
2016-03-02,1595.68
2016-03-03,1611.7
2016-03-04,1628.83
2016-03-07,1622.66
2016-03-08,1616.48
2016-03-09,1614.98
2016-03-10,1612.15
2016-03-11,1644.94
2016-03-14,1652.88
2016-03-15,1637.93
2016-03-16,1628.64
2016-03-17,1663.75
2016-03-18,1660.5
2016-03-21,1652.93
2016-03-22,1654.79
2016-03-23,1642.18
2016-03-24,1619.41
2016-03-28,1631.5
2016-03-29,1629.63
2016-03-30,1660.68
2016-03-31,1652.04
2016-04-01,1616.23
2016-04-04,1627.24
2016-04-05,1595.94
2016-04-06,1606.58
2016-04-07,1607.81
2016-04-08,1625.36
2016-04-11,1632.04
2016-04-12,1636.94
2016-04-13,1666.61
2016-04-14,1682.93
2016-04-15,1682.11
2016-04-18,1676.85
2016-04-19,1712.19
2016-04-20,1715.02
2016-04-21,1716.51
2016-04-22,1703.27
2016-04-25,1699.75
2016-04-26,1701.75
2016-04-27,1698.01
2016-04-28,1698.26
2016-04-29,1693.18
2016-05-02,1686.62
2016-05-03,1668.64
2016-05-04,1647.99
2016-05-05,1641.61
2016-05-06,1639.22
2016-05-09,1638.21
2016-05-10,1654.61
2016-05-11,1654.77
2016-05-12,1645.55
2016-05-13,1631.71
2016-05-16,1637.84
2016-05-17,1644.07
2016-05-18,1643.41
2016-05-19,1619.49
2016-05-20,1634.29
2016-05-23,1628.84
2016-05-24,1642.3
2016-05-25,1661.57
2016-05-26,1669.84
2016-05-27,1668.76
2016-05-31,1667.84
2016-06-01,1659.87
2016-06-02,1652.98
2016-06-03,1670.89
2016-06-06,1676.98
2016-06-07,1693.07
2016-06-08,1697.11
2016-06-09,1675.32
2016-06-10,1640.92
2016-06-13,1609.73
2016-06-14,1575.31
2016-06-15,1589.69
2016-06-16,1568.83
2016-06-17,1595.33
2016-06-20,1653.19
2016-06-21,1659.04
2016-06-22,1661.48
2016-06-23,1687.04
2016-06-24,1567.26
2016-06-27,1520.94
2016-06-28,1546.73
2016-06-29,1593.67
2016-06-30,1608.45
2016-07-01,1620.63
2016-07-05,1599.17
2016-07-06,1573.3
2016-07-07,1583.06
2016-07-08,1592.1
2016-07-11,1618.64
2016-07-12,1636.87
2016-07-13,1645.85
2016-07-14,1654.42
2016-07-15,1650.14
2016-07-18,1652.81
2016-07-19,1643.42
2016-07-20,1653.6
2016-07-21,1657.14
2016-07-22,1650.2
2016-07-25,1651.81
2016-07-26,1655.44
2016-07-27,1660.26
2016-07-28,1658.16
2016-07-29,1689.12
2016-08-01,1682.28
2016-08-02,1671.01
2016-08-03,1653.5
2016-08-04,1663.5
2016-08-05,1665.32
2016-08-08,1675.0
2016-08-09,1694.98
2016-08-10,1699.65
2016-08-11,1708.32
2016-08-12,1710.73
2016-08-15,1710.74
2016-08-16,1704.21
2016-08-17,1701.33
2016-08-18,1707.9
2016-08-19,1699.76
2016-08-22,1702.3
2016-08-23,1711.62
2016-08-24,1709.15
2016-08-25,1702.17
2016-08-26,1702.43
2016-08-29,1688.25
2016-08-30,1688.95
2016-08-31,1685.57
2016-09-01,1694.5
2016-09-02,1709.97
2016-09-06,1729.51
2016-09-07,1734.72
2016-09-08,1732.92
2016-09-09,1707.27
2016-09-12,1689.24
2016-09-13,1677.36
2016-09-14,1672.74
2016-09-15,1676.17
2016-09-16,1664.77
2016-09-19,1681.46
2016-09-20,1681.39
2016-09-21,1699.17
2016-09-22,1728.08
2016-09-23,1716.74
2016-09-26,1701.61
2016-09-27,1699.95
2016-09-28,1701.97
2016-09-29,1706.64
2016-09-30,1701.69
2016-10-03,1703.01
2016-10-04,1704.84
2016-10-05,1701.4
2016-10-06,1694.91
2016-10-07,1688.4
2016-10-10,1693.31
2016-10-11,1677.74
2016-10-12,1662.27
2016-10-13,1654.37
2016-10-14,1664.72
2016-10-17,1656.98
2016-10-18,1673.8
2016-10-19,1680.4
2016-10-20,1679.83
2016-10-21,1672.45
2016-10-24,1672.93
2016-10-25,1670.87
2016-10-26,1672.41
2016-10-27,1667.18
2016-10-28,1665.62
2016-10-31,1665.72
2016-11-01,1665.31
2016-11-02,1655.89
2016-11-03,1652.61
2016-11-04,1639.26
2016-11-07,1647.75
2016-11-08,1652.93
2016-11-09,1636.07
2016-11-10,1645.7
2016-11-11,1640.05
2016-11-14,1627.39
2016-11-15,1629.81
2016-11-16,1624.35
2016-11-17,1632.66
2016-11-18,1614.17
2016-11-21,1625.14
2016-11-22,1625.78
2016-11-23,1615.72
2016-11-25,1634.44
2016-11-28,1628.23
2016-11-29,1631.61
2016-11-30,1629.67
2016-12-01,1630.99
2016-12-02,1630.61
2016-12-05,1637.16
2016-12-06,1653.06
2016-12-07,1672.71
2016-12-08,1675.19
2016-12-09,1677.89
2016-12-12,1681.67
2016-12-13,1698.42
2016-12-14,1695.91
2016-12-15,1664.36
2016-12-16,1673.77
2016-12-19,1674.45
2016-12-20,1670.71
2016-12-21,1674.08
2016-12-22,1674.36
2016-12-23,1674.56
2016-12-27,1672.29
2016-12-28,1669.42
2016-12-29,1675.3
2016-12-30,1684.0
2017-01-03,1676.93
2017-01-04,1698.87
2017-01-05,1721.77
2017-01-06,1713.87
2017-01-09,1708.56
2017-01-10,1714.76
2017-01-11,1703.2
2017-01-12,1722.24
2017-01-13,1727.83
2017-01-17,1722.22
2017-01-18,1725.01
2017-01-19,1712.23
2017-01-20,1719.58
2017-01-23,1723.68
2017-01-24,1725.34
2017-01-25,1741.71
2017-01-26,1739.53
2017-01-27,1741.72
2017-01-30,1730.4
2017-01-31,1732.38
2017-02-01,1734.66
2017-02-02,1736.42
2017-02-03,1741.84
2017-02-06,1730.56
2017-02-07,1727.46
2017-02-08,1737.66
2017-02-09,1734.2
2017-02-10,1741.28
2017-02-13,1749.06
2017-02-14,1737.95
2017-02-15,1749.0
2017-02-16,1759.39
2017-02-17,1754.94
2017-02-21,1753.95
2017-02-22,1757.43
2017-02-23,1764.17
2017-02-24,1750.52
2017-02-27,1749.63
2017-02-28,1753.09
2017-03-01,1760.15
2017-03-02,1758.48
2017-03-03,1757.25
2017-03-06,1757.41
2017-03-07,1752.68
2017-03-08,1746.18
2017-03-09,1747.85
2017-03-10,1763.9
2017-03-13,1772.27
2017-03-14,1765.06
2017-03-15,1768.55
2017-03-16,1796.8
2017-03-17,1798.96
2017-03-20,1799.12
2017-03-21,1800.33
2017-03-22,1784.8
2017-03-23,1793.0
2017-03-24,1797.68
2017-03-27,1797.84
2017-03-28,1812.06
2017-03-29,1802.03
2017-03-30,1802.11
2017-03-31,1792.98
2017-04-03,1786.03
2017-04-04,1786.67
2017-04-05,1785.58
2017-04-06,1780.44
2017-04-07,1780.11
2017-04-10,1780.17
2017-04-11,1786.97
2017-04-12,1785.4
2017-04-13,1779.86
2017-04-17,1787.58
2017-04-18,1774.47
2017-04-19,1774.81
2017-04-20,1783.67
2017-04-21,1780.77
2017-04-24,1825.77
2017-04-25,1836.11
2017-04-26,1839.04
2017-04-27,1835.96
2017-04-28,1833.7
2017-05-01,1838.76
2017-05-02,1846.51
2017-05-03,1844.03
2017-05-04,1853.24
2017-05-05,1864.91
2017-05-08,1866.94
2017-05-09,1860.67
2017-05-10,1862.79
2017-05-11,1858.52
2017-05-12,1867.96
2017-05-15,1874.57
2017-05-16,1889.46
2017-05-17,1884.27
2017-05-18,1868.75
2017-05-19,1882.75
2017-05-22,1893.34
2017-05-23,1892.43
2017-05-24,1887.64
2017-05-25,1892.43
2017-05-26,1885.37
2017-05-30,1883.32
2017-05-31,1890.06
2017-06-01,1894.62
2017-06-02,1916.37
2017-06-05,1911.41
2017-06-06,1904.45
2017-06-07,1903.87
2017-06-08,1894.49
2017-06-09,1892.97
2017-06-12,1886.34
2017-06-13,1895.77
2017-06-14,1905.83
2017-06-15,1877.04
2017-06-16,1892.93
2017-06-19,1901.8
2017-06-20,1887.76
2017-06-21,1882.65
2017-06-22,1886.03
2017-06-23,1889.23
2017-06-26,1894.5
2017-06-27,1892.88
2017-06-28,1901.15
2017-06-29,1895.75
2017-06-30,1883.19
2017-07-03,1887.67
2017-07-05,1883.6
2017-07-06,1882.57
2017-07-07,1874.1
2017-07-10,1880.45
2017-07-11,1878.38
2017-07-12,1900.88
2017-07-13,1904.89
2017-07-14,1918.74
2017-07-17,1920.25
2017-07-18,1921.05
2017-07-19,1926.13
2017-07-20,1937.82
2017-07-21,1927.65
2017-07-24,1919.96
2017-07-25,1925.72
2017-07-26,1929.37
2017-07-27,1936.45
2017-07-28,1931.73
2017-07-31,1936.91
2017-08-01,1953.1
2017-08-02,1952.51
2017-08-03,1955.39
2017-08-04,1947.62
2017-08-07,1953.73
2017-08-08,1948.24
2017-08-09,1937.94
2017-08-10,1927.41
2017-08-11,1916.65
2017-08-14,1924.36
2017-08-15,1918.82
2017-08-16,1926.26
2017-08-17,1926.32
2017-08-18,1916.68
2017-08-21,1917.84
2017-08-22,1920.7
2017-08-23,1921.7
2017-08-24,1919.54
2017-08-25,1927.8
2017-08-28,1930.96
2017-08-29,1925.57
2017-08-30,1918.77
2017-08-31,1930.82
2017-09-01,1938.37
2017-09-05,1933.12
2017-09-06,1934.55
2017-09-07,1948.88
2017-09-08,1953.56
2017-09-11,1965.49
2017-09-12,1970.23
2017-09-13,1965.15
2017-09-14,1959.03
2017-09-15,1964.3
2017-09-18,1966.49
2017-09-19,1978.24
2017-09-20,1981.49
2017-09-21,1969.26
2017-09-22,1977.61
2017-09-25,1970.22
2017-09-26,1958.82
2017-09-27,1953.51
2017-09-28,1963.44
2017-09-29,1973.81
2017-10-02,1971.41
2017-10-03,1977.9
2017-10-04,1977.25
2017-10-05,1973.69
2017-10-06,1972.37
2017-10-09,1976.31
2017-10-10,1990.28
2017-10-11,1992.53
2017-10-12,1995.67
2017-10-13,2004.05
2017-10-16,2004.69
2017-10-17,1996.16
2017-10-18,2000.93
2017-10-19,2005.96
2017-10-20,1997.73
2017-10-23,1996.72
2017-10-24,1994.8
2017-10-25,1991.22
2017-10-26,1992.11
2017-10-27,1990.66
2017-10-30,1999.96
2017-10-31,2002.54
2017-11-01,2009.45
2017-11-02,2013.79
2017-11-03,2008.53
2017-11-06,2006.92
2017-11-07,2007.87
2017-11-08,2012.9
2017-11-09,2002.55
2017-11-10,1999.57
2017-11-13,1985.4
2017-11-14,1984.63
2017-11-15,1973.83
2017-11-16,1985.58
2017-11-17,1986.15
2017-11-20,1988.09
2017-11-21,1996.05
2017-11-22,2005.56
2017-11-24,2022.86
2017-11-27,2015.8
2017-11-28,2014.71
2017-11-29,2016.84
2017-11-30,2020.13
2017-12-01,2003.72
2017-12-04,2010.79
2017-12-05,2006.34
2017-12-06,1994.17
2017-12-07,1997.81
2017-12-08,2005.31
2017-12-11,2015.01
2017-12-12,2016.22
2017-12-13,2019.81
2017-12-14,2016.52
2017-12-15,2007.97
2017-12-18,2037.85
2017-12-19,2029.07
2017-12-20,2028.64
2017-12-21,2033.66
2017-12-22,2032.7
2017-12-26,2034.63
2017-12-27,2041.29
2017-12-28,2043.31
2017-12-29,2050.79
2018-01-02,2055.11
2018-01-03,2058.54
2018-01-04,2089.16
2018-01-05,2100.91
2018-01-08,2099.02
2018-01-09,2105.12
2018-01-10,2112.06
2018-01-11,2113.12
2018-01-12,2126.1
2018-01-16,2145.29
2018-01-17,2144.21
2018-01-18,2141.65
2018-01-19,2152.4
2018-01-22,2160.44
2018-01-23,2176.09
2018-01-24,2183.4
2018-01-25,2186.65
2018-01-26,2184.49
2018-01-29,2171.22
2018-01-30,2157.74
2018-01-31,2153.05
2018-02-01,2154.32
2018-02-02,2123.82
2018-02-05,2087.58
2018-02-06,2020.89
2018-02-07,2042.54
2018-02-08,2022.67
2018-02-09,1992.31
2018-02-12,2011.28
2018-02-13,2014.47
2018-02-14,2033.83
2018-02-15,2058.66
2018-02-16,2075.67
2018-02-20,2065.53
2018-02-21,2062.28
2018-02-22,2057.74
2018-02-23,2065.21
2018-02-26,2076.3
2018-02-27,2070.37
2018-02-28,2051.73
2018-03-01,2022.43
2018-03-02,2005.08
2018-03-05,2011.7
2018-03-06,2030.17
2018-03-07,2027.95
2018-03-08,2036.8
2018-03-09,2040.9
2018-03-12,2056.9
2018-03-13,2054.05
2018-03-14,2046.22
2018-03-15,2047.89
2018-03-16,2043.58
2018-03-19,2030.5
2018-03-20,2026.55
2018-03-21,2024.76
2018-03-22,2015.98
2018-03-23,1989.61
2018-03-26,1989.65
2018-03-27,2011.22
2018-03-28,2001.8
2018-03-29,2002.23
2018-04-02,2005.39
2018-04-03,1992.24
2018-04-04,1988.75
2018-04-05,2014.2
2018-04-06,2013.31
2018-04-09,2024.28
2018-04-10,2044.09
2018-04-11,2041.2
2018-04-12,2037.43
2018-04-13,2042.41
2018-04-16,2043.58
2018-04-17,2050.6
2018-04-18,2065.01
2018-04-19,2064.24
2018-04-20,2050.72
2018-04-23,2044.82
2018-04-24,2047.81
2018-04-25,2030.72
2018-04-26,2036.38
2018-04-27,2042.83
2018-04-30,2043.66
2018-05-01,2029.62
2018-05-02,2032.72
2018-05-03,2026.73
2018-05-04,2031.2
2018-05-07,2037.31
2018-05-08,2033.96
2018-05-09,2039.14
2018-05-10,2043.79
2018-05-11,2059.94
2018-05-14,2066.8
2018-05-15,2048.76
2018-05-16,2041.88
2018-05-17,2050.45
2018-05-18,2047.36
2018-05-21,2048.58
2018-05-22,2053.91
2018-05-23,2029.27
2018-05-24,2023.03
2018-05-25,2014.52
2018-05-29,1982.09
2018-05-30,1981.98
2018-05-31,1986.17
2018-06-01,1992.4
2018-06-04,2009.94
2018-06-05,2000.91
2018-06-06,2014.79
2018-06-07,2021.08
2018-06-08,2010.49
2018-06-11,2023.54
2018-06-12,2019.42
2018-06-13,2019.46
2018-06-14,2015.24
2018-06-15,2000.09
2018-06-18,1983.86
2018-06-19,1962.15
2018-06-20,1971.24
2018-06-21,1963.99
2018-06-22,1981.92
2018-06-25,1953.62
2018-06-26,1952.31
2018-06-27,1950.22
2018-06-28,1938.95
2018-06-29,1958.64
2018-07-02,1930.13
2018-07-03,1946.26
2018-07-05,1954.39
2018-07-06,1969.61
2018-07-09,1984.2
2018-07-10,1984.43
2018-07-11,1961.47
2018-07-12,1966.12
2018-07-13,1972.68
2018-07-16,1972.34
2018-07-17,1972.64
2018-07-18,1977.74
2018-07-19,1970.94
2018-07-20,1985.19
2018-07-23,1980.7
2018-07-24,1997.03
2018-07-25,1992.82
2018-07-26,2002.3
2018-07-27,2011.48
2018-07-30,2011.39
2018-07-31,2006.06
2018-08-01,1999.96
2018-08-02,1976.62
2018-08-03,1981.84
2018-08-06,1974.91
2018-08-07,1991.48
2018-08-08,1991.05
2018-08-09,1987.28
2018-08-10,1950.8
2018-08-13,1933.57
2018-08-14,1936.31
2018-08-15,1910.82
2018-08-16,1922.55
2018-08-17,1927.78
2018-08-20,1938.11
2018-08-21,1947.38
2018-08-22,1958.19
2018-08-23,1947.28
2018-08-24,1957.03
2018-08-27,1976.3
2018-08-28,1982.25
2018-08-29,1984.14
2018-08-30,1976.2
2018-08-31,1962.05
2018-09-04,1938.19
2018-09-05,1923.61
2018-09-06,1914.37
2018-09-07,1905.44
2018-09-10,1911.98
2018-09-11,1911.65
2018-09-12,1921.87
2018-09-13,1929.86
2018-09-14,1939.02
2018-09-17,1943.47
2018-09-18,1953.44
2018-09-19,1964.24
2018-09-20,1981.81
2018-09-21,1994.96
2018-09-24,1989.25
2018-09-25,1996.99
2018-09-26,1996.29
2018-09-27,1985.9
2018-09-28,1973.6
2018-10-01,1970.26
2018-10-02,1961.06
2018-10-03,1957.33
2018-10-04,1941.64
2018-10-05,1927.14
2018-10-08,1910.14
2018-10-09,1903.14
2018-10-10,1893.46
2018-10-11,1851.2
2018-10-12,1850.75
2018-10-15,1847.99
2018-10-16,1867.55
2018-10-17,1866.21
2018-10-18,1852.35
2018-10-19,1849.37
2018-10-22,1840.62
2018-10-23,1809.13
2018-10-24,1797.61
2018-10-25,1784.14
2018-10-26,1777.76
2018-10-29,1785.3
2018-10-30,1788.76
2018-10-31,1815.17
2018-11-01,1826.25
2018-11-02,1837.05
2018-11-05,1829.93
2018-11-06,1834.94
2018-11-07,1852.25
2018-11-08,1856.93
2018-11-09,1840.67
2018-11-12,1819.05
2018-11-13,1818.59
2018-11-14,1813.66
2018-11-15,1807.1
2018-11-16,1812.84
2018-11-19,1812.92
2018-11-20,1789.12
2018-11-21,1796.59
2018-11-23,1792.51
2018-11-26,1804.74
2018-11-27,1799.77
2018-11-28,1800.64
2018-11-29,1819.81
2018-11-30,1809.56
2018-12-03,1835.66
2018-12-04,1817.92
2018-12-06,1758.35
2018-12-07,1768.48
2018-12-10,1732.45
2018-12-11,1740.0
2018-12-12,1775.1
2018-12-13,1773.46
2018-12-14,1752.74
2018-12-17,1748.2
2018-12-18,1732.1
2018-12-19,1740.55
2018-12-20,1713.27
2018-12-21,1706.01
2018-12-24,1703.42
2018-12-26,1686.69
2018-12-27,1687.56
2018-12-28,1712.32
2018-12-31,1719.88
2019-01-02,1708.59
2019-01-03,1710.22
2019-01-04,1736.69
2019-01-07,1752.71
2019-01-08,1762.37
2019-01-09,1785.4
2019-01-10,1787.05
2019-01-11,1786.13
2019-01-14,1779.3
2019-01-15,1785.12
2019-01-16,1784.11
2019-01-17,1782.72
2019-01-18,1805.1
2019-01-22,1795.67
2019-01-23,1793.36
2019-01-24,1795.49
2019-01-25,1813.63
2019-01-28,1805.29
2019-01-29,1810.73
2019-01-30,1815.23
2019-01-31,1831.09
2019-02-01,1830.04
2019-02-04,1828.29
2019-02-05,1846.97
2019-02-06,1843.96
2019-02-07,1822.51
2019-02-08,1804.73
2019-02-11,1806.26
2019-02-12,1823.35
2019-02-13,1833.58
2019-02-14,1828.8
2019-02-15,1840.1
2019-02-19,1858.12
2019-02-20,1870.03
2019-02-21,1867.01
2019-02-22,1869.15
2019-02-25,1876.84
2019-02-26,1879.39
2019-02-27,1879.13
2019-02-28,1873.72
2019-03-01,1878.53
2019-03-04,1878.7
2019-03-05,1874.98
2019-03-06,1875.37
2019-03-07,1858.11
2019-03-08,1839.23
2019-03-11,1849.84
2019-03-12,1861.69
2019-03-13,1869.32
2019-03-14,1874.7
2019-03-15,1890.31
2019-03-18,1900.06
2019-03-19,1907.49
2019-03-20,1896.57
2019-03-21,1900.1
2019-03-22,1882.97
2019-03-25,1866.7
2019-03-26,1881.34
2019-03-27,1875.96
2019-03-28,1865.86
2019-03-29,1875.43
2019-04-01,1896.35
2019-04-02,1896.03
2019-04-03,1916.71
2019-04-04,1909.97
2019-04-05,1911.4
2019-04-08,1914.72
2019-04-09,1911.76
2019-04-10,1910.54
2019-04-11,1909.6
2019-04-12,1915.67
2019-04-15,1922.22
2019-04-16,1925.71
2019-04-17,1928.1
2019-04-18,1920.41
2019-04-22,1920.37
2019-04-23,1921.89
2019-04-24,1917.35
2019-04-25,1910.87
2019-04-26,1915.65
2019-04-29,1916.38
2019-04-30,1921.49
2019-05-01,1925.83
2019-05-02,1911.66
2019-05-03,1918.81
2019-05-06,1905.85
2019-05-07,1885.82
2019-05-08,1881.09
2019-05-09,1860.04
2019-05-10,1865.1
2019-05-13,1848.88
2019-05-14,1851.39
2019-05-15,1860.52
2019-05-16,1868.61
2019-05-17,1865.83
2019-05-20,1858.28
2019-05-21,1861.58
2019-05-22,1857.58
2019-05-23,1839.56
2019-05-24,1853.26
2019-05-28,1853.45
2019-05-29,1828.23
2019-05-30,1825.98
2019-05-31,1817.39
2019-06-03,1824.42
2019-06-04,1834.96
2019-06-05,1853.37
2019-06-06,1854.18
2019-06-07,1875.62
2019-06-10,1880.58
2019-06-11,1893.42
2019-06-12,1886.67
2019-06-13,1879.37
2019-06-14,1870.17
2019-06-17,1865.87
2019-06-18,1881.97
2019-06-19,1897.69
2019-06-20,1918.39
2019-06-21,1911.18
2019-06-24,1918.87
2019-06-25,1917.07
2019-06-26,1907.58
2019-06-27,1913.83
2019-06-28,1922.3
2019-07-01,1931.53
2019-07-02,1937.01
2019-07-03,1945.48
2019-07-05,1932.13
2019-07-08,1922.76
2019-07-09,1913.5
2019-07-10,1916.82
2019-07-11,1919.61
2019-07-12,1921.45
2019-07-15,1924.61
2019-07-16,1921.12
2019-07-17,1917.67
2019-07-18,1906.32
2019-07-19,1918.88
2019-07-22,1916.56
2019-07-23,1922.98
2019-07-24,1925.54
2019-07-25,1918.99
2019-07-26,1914.68
2019-07-29,1913.66
2019-07-30,1899.97
2019-07-31,1897.12
2019-08-01,1894.34
2019-08-02,1863.85
2019-08-05,1832.72
2019-08-06,1820.33
2019-08-07,1829.31
2019-08-08,1846.36
2019-08-09,1840.48
2019-08-12,1838.43
2019-08-13,1829.79
2019-08-14,1812.99
2019-08-15,1797.33
2019-08-16,1811.86
2019-08-19,1828.99
2019-08-20,1825.84
2019-08-21,1836.03
2019-08-22,1829.29
2019-08-23,1826.73
2019-08-26,1816.31
2019-08-27,1825.71
2019-08-28,1821.94
2019-08-29,1831.36
2019-08-30,1842.58
2019-09-03,1838.27
2019-09-04,1858.23
2019-09-05,1873.8
2019-09-06,1882.43
2019-09-09,1883.15
2019-09-10,1884.3
2019-09-11,1896.38
2019-09-12,1905.31
2019-09-13,1919.61
2019-09-16,1902.29
2019-09-17,1907.01
2019-09-18,1905.01
2019-09-19,1913.69
2019-09-20,1912.66
2019-09-23,1903.93
2019-09-24,1905.73
2019-09-25,1889.93
2019-09-26,1895.62
2019-09-27,1895.72
2019-09-30,1889.36
2019-10-01,1880.44
2019-10-02,1849.26
2019-10-03,1846.42
2019-10-04,1854.43
2019-10-07,1864.74
2019-10-08,1851.23
2019-10-09,1853.25
2019-10-10,1862.39
2019-10-11,1896.65
2019-10-14,1891.35
2019-10-15,1910.94
2019-10-16,1916.33
2019-10-17,1922.29
2019-10-18,1920.09
2019-10-21,1930.98
2019-10-22,1931.68
2019-10-23,1932.47
2019-10-24,1941.92
2019-10-25,1944.22
2019-10-28,1946.49
2019-10-29,1952.85
2019-10-30,1954.1
2019-10-31,1955.48
2019-11-01,1966.7
2019-11-04,1976.96
2019-11-05,1976.4
2019-11-06,1979.21
2019-11-07,1981.56
2019-11-08,1976.65
2019-11-11,1976.44
2019-11-12,1980.07
2019-11-13,1972.37
2019-11-14,1961.52
2019-11-15,1976.69
2019-11-18,1982.21
2019-11-19,1981.17
2019-11-20,1969.07
2019-11-21,1963.04
2019-11-22,1964.84
2019-11-25,1978.66
2019-11-26,1980.86
2019-11-27,1984.6
2019-11-29,1974.47
2019-12-02,1967.77
2019-12-03,1958.26
2019-12-04,1966.94
2019-12-05,1969.77
2019-12-06,1981.63
2019-12-09,1983.94
2019-12-10,1980.58
2019-12-11,1983.83
2019-12-12,1989.97
2019-12-13,2015.62
2019-12-16,2032.46
2019-12-17,2029.31
2019-12-18,2022.02
2019-12-19,2023.57
2019-12-20,2028.25
2019-12-23,2027.37
2019-12-24,2029.8
2019-12-26,2031.12
2019-12-27,2042.9
2019-12-30,2035.99
2019-12-31,2036.94
2020-01-02,2048.95
2020-01-03,2042.46
2020-01-06,2031.56
2020-01-07,2036.24
2020-01-08,2028.51
2020-01-09,2036.11
2020-01-10,2040.49
2020-01-13,2038.88
2020-01-14,2044.86
2020-01-15,2046.41
2020-01-16,2048.65
2020-01-17,2057.74
2020-01-21,2051.11
2020-01-22,2051.62
2020-01-23,2036.49
2020-01-24,2044.92
2020-01-27,2007.14
2020-01-28,2009.44
2020-01-29,2015.24
2020-01-30,1999.03
2020-01-31,1993.72
2020-02-03,1986.3
2020-02-04,2006.33
2020-02-05,2022.14
2020-02-06,2037.82
2020-02-07,2030.29
2020-02-10,2021.73
2020-02-11,2033.6
2020-02-12,2041.77
2020-02-13,2033.74
2020-02-14,2028.92
2020-02-18,2014.15
2020-02-19,2018.46
2020-02-20,2003.68
2020-02-21,2002.86
2020-02-24,1954.56
2020-02-25,1918.64
2020-02-26,1908.58
2020-02-27,1867.64
2020-02-28,1809.71
2020-03-02,1829.9
2020-03-03,1847.84
2020-03-04,1859.44
2020-03-05,1856.73
2020-03-06,1813.63
2020-03-09,1710.02
2020-03-10,1694.02
2020-03-11,1664.37
2020-03-12,1491.75
2020-03-13,1480.26
2020-03-16,1424.87
2020-03-17,1437.82
2020-03-18,1376.21
2020-03-19,1382.01
2020-03-20,1393.92
2020-03-23,1354.3
2020-03-24,1451.15
2020-03-25,1519.74
2020-03-26,1561.6
2020-03-27,1549.49
2020-03-30,1558.48
2020-03-31,1559.59
2020-04-01,1518.13
2020-04-02,1506.66
2020-04-03,1487.08
2020-04-06,1539.67
2020-04-07,1576.96
2020-04-08,1581.06
2020-04-09,1606.93
2020-04-13,1605.1
2020-04-14,1630.53
2020-04-15,1589.35
2020-04-16,1582.04
2020-04-17,1622.3
2020-04-20,1621.64
2020-04-21,1573.54
2020-04-22,1586.27
2020-04-23,1602.6
2020-04-24,1588.69
2020-04-27,1622.59
2020-04-28,1640.93
2020-04-29,1664.94
2020-04-30,1657.69
2020-05-01,1635.82
2020-05-04,1599.38
2020-05-05,1618.37
2020-05-06,1613.2
2020-05-07,1617.93
2020-05-08,1648.44
2020-05-11,1643.2
2020-05-12,1648.5
2020-05-13,1623.38
2020-05-14,1588.17
2020-05-15,1594.72
2020-05-18,1642.4
2020-05-19,1654.62
2020-05-20,1673.83
2020-05-21,1656.36
2020-05-22,1641.59
2020-05-26,1701.73
2020-05-27,1706.42
2020-05-28,1743.06
2020-05-29,1725.09
2020-06-01,1747.21
2020-06-02,1773.59
2020-06-03,1813.24
2020-06-04,1820.35
2020-06-05,1846.51
2020-06-08,1854.0
2020-06-09,1852.38
2020-06-10,1849.36
2020-06-11,1789.2
2020-06-12,1768.14
2020-06-15,1750.51
2020-06-16,1802.74
2020-06-17,1811.44
2020-06-18,1801.43
2020-06-19,1803.74
2020-06-22,1801.43
2020-06-23,1832.11
2020-06-24,1788.8
2020-06-25,1780.69
2020-06-26,1779.71
2020-06-29,1775.53
2020-06-30,1780.58
2020-07-01,1783.59
2020-07-02,1807.66
2020-07-06,1839.0
2020-07-07,1824.85
2020-07-08,1816.33
2020-07-09,1805.62
2020-07-10,1812.78
2020-07-13,1839.35
2020-07-14,1829.7
2020-07-15,1863.96
2020-07-16,1852.55
2020-07-17,1852.43
2020-07-20,1862.44
2020-07-21,1880.28
2020-07-22,1873.43
2020-07-23,1875.42
2020-07-24,1859.81
2020-07-27,1876.09
2020-07-28,1874.56
2020-07-29,1872.58
2020-07-30,1845.95
2020-07-31,1820.21
2020-08-03,1839.41
2020-08-04,1855.47
2020-08-05,1875.61
2020-08-06,1862.3
2020-08-07,1855.11
2020-08-10,1859.36
2020-08-11,1889.55
2020-08-12,1912.37
2020-08-13,1912.76
2020-08-14,1899.51
2020-08-17,1905.11
2020-08-18,1908.27
2020-08-19,1915.01
2020-08-20,1885.94
2020-08-21,1879.9
2020-08-24,1905.54
2020-08-25,1905.7
2020-08-26,1917.08
2020-08-27,1902.25
2020-08-28,1910.82
2020-08-31,1909.99
2020-09-01,1902.89
2020-09-02,1913.04
2020-09-03,1899.02
2020-09-04,1870.29
2020-09-08,1878.74
2020-09-09,1891.92
2020-09-10,1897.15
2020-09-11,1896.99
2020-09-14,1910.62
2020-09-15,1914.89
2020-09-16,1925.15
2020-09-17,1911.18
2020-09-18,1911.81
2020-09-21,1856.89
2020-09-22,1851.38
2020-09-23,1855.32
2020-09-24,1830.9
2020-09-25,1830.99
2020-09-28,1866.06
2020-09-29,1867.88
2020-09-30,1855.32
2020-10-01,1859.54
2020-10-02,1855.1
2020-10-05,1884.14
2020-10-06,1888.31
2020-10-07,1884.38
2020-10-08,1896.55
2020-10-09,1910.2
2020-10-12,1919.48
2020-10-13,1907.81
2020-10-14,1908.49
2020-10-15,1870.46
2020-10-16,1882.36
2020-10-19,1892.81
2020-10-20,1888.76
2020-10-21,1887.11
2020-10-22,1874.07
2020-10-23,1884.26
2020-10-26,1860.2
2020-10-27,1849.24
2020-10-28,1805.35
2020-10-29,1789.64
2020-10-30,1780.08
2020-11-02,1805.9
2020-11-03,1848.79
2020-11-04,1876.22
2020-11-05,1916.22
2020-11-06,1924.19
2020-11-09,1968.9
2020-11-10,1990.66
2020-11-11,2007.01
2020-11-12,2001.32
2020-11-13,1998.05
2020-11-16,2028.23
2020-11-17,2034.58
2020-11-18,2040.0
2020-11-19,2026.37
2020-11-20,2035.27
2020-11-23,2025.29
2020-11-24,2058.59
2020-11-25,2065.6
2020-11-27,2080.15
2020-11-30,2053.83
2020-12-01,2074.08
2020-12-02,2080.77
2020-12-03,2096.28
2020-12-04,2101.12
2020-12-07,2093.5
2020-12-08,2092.75
2020-12-09,2101.49
2020-12-10,2100.0
2020-12-11,2090.16
2020-12-14,2099.52
2020-12-15,2103.55
2020-12-16,2123.54
2020-12-17,2141.25
2020-12-18,2131.59
2020-12-21,2094.15
2020-12-22,2092.5
2020-12-23,2113.37
2020-12-24,2118.03
2020-12-28,2133.88
2020-12-29,2159.25
2020-12-30,2161.48
2020-12-31,2147.53
2021-01-04,2162.36
2021-01-05,2163.59
2021-01-06,2178.63
2021-01-07,2192.83
2021-01-08,2215.12
2021-01-11,2187.97
2021-01-12,2192.66
2021-01-13,2197.45
2021-01-14,2209.37
2021-01-15,2184.94
2021-01-19,2192.04
2021-01-20,2199.23
2021-01-21,2209.99
2021-01-22,2199.96
2021-01-25,2187.21
2021-01-26,2194.71
2021-01-27,2170.28
2021-01-28,2159.65
2021-01-29,2124.05
2021-02-01,2139.28
2021-02-02,2156.27
2021-02-03,2168.22
2021-02-04,2165.73
2021-02-05,2182.17
2021-02-08,2202.48
2021-02-09,2211.03
2021-02-10,2215.36
2021-02-11,2221.46
2021-02-12,2227.7
2021-02-16,2256.88
2021-02-17,2233.61
2021-02-18,2222.06
2021-02-19,2232.56
2021-02-22,2233.75
2021-02-23,2234.31
2021-02-24,2217.81
2021-02-25,2233.61
2021-02-26,2168.87
2021-03-01,2198.61
2021-03-02,2199.24
2021-03-03,2205.37
2021-03-04,2185.44
2021-03-05,2155.51
2021-03-08,2172.79
2021-03-09,2195.33
2021-03-10,2202.8
2021-03-11,2220.46
2021-03-12,2219.3
2021-03-15,2220.87
2021-03-16,2235.29
2021-03-17,2229.17
2021-03-18,2246.82
2021-03-19,2231.43
2021-03-22,2231.46
2021-03-23,2215.17
2021-03-24,2195.79
2021-03-25,2194.08
2021-03-26,2217.82
2021-03-29,2218.44
2021-03-30,2216.07
2021-03-31,2208.32
2021-04-01,2219.15
2021-04-05,2236.36
2021-04-06,2244.53
2021-04-07,2252.4
2021-04-08,2262.69
2021-04-09,2262.48
2021-04-12,2255.67
2021-04-13,2261.73
2021-04-14,2272.89
2021-04-15,2285.01
2021-04-16,2299.28
2021-04-19,2307.07
2021-04-20,2271.94
2021-04-21,2267.0
2021-04-22,2288.56
2021-04-23,2287.85
2021-04-26,2298.29
2021-04-27,2289.83
2021-04-28,2291.91
2021-04-29,2291.95
2021-04-30,2268.51
2021-05-03,2282.89
2021-05-04,2256.29
2021-05-05,2280.89
2021-05-06,2295.82
2021-05-07,2324.42
2021-05-10,2336.23
2021-05-11,2289.83
2021-05-12,2269.53
2021-05-13,2254.21
2021-05-14,2292.17
2021-05-17,2293.54
2021-05-18,2317.75
2021-05-19,2287.88
2021-05-20,2307.53
2021-05-21,2314.63
2021-05-24,2324.15
2021-05-25,2331.53
2021-05-26,2328.81
2021-05-27,2325.27
2021-05-28,2341.39
2021-06-01,2349.35
2021-06-02,2353.78
2021-06-03,2343.63
2021-06-04,2357.79
2021-06-07,2366.7
2021-06-08,2367.28
2021-06-09,2364.86
2021-06-10,2365.09
2021-06-11,2365.55
2021-06-14,2371.73
2021-06-15,2379.37
2021-06-16,2382.76
2021-06-17,2350.34
2021-06-18,2308.52
2021-06-21,2309.4
2021-06-22,2327.96
2021-06-23,2321.77
2021-06-24,2330.95
2021-06-25,2342.43
2021-06-28,2330.03
2021-06-29,2326.31
2021-06-30,2304.92
2021-07-01,2309.27
2021-07-02,2315.5
2021-07-06,2314.01
2021-07-07,2317.99
2021-07-08,2297.41
2021-07-09,2313.37
2021-07-12,2337.26
2021-07-13,2335.99
2021-07-14,2333.75
2021-07-15,2311.97
2021-07-16,2302.81
2021-07-19,2260.6
2021-07-20,2253.68
2021-07-21,2285.45
2021-07-22,2298.19
2021-07-23,2307.08
2021-07-26,2317.82
2021-07-27,2315.76
2021-07-28,2314.15
2021-07-29,2341.81
2021-07-30,2321.09
2021-08-02,2349.47
2021-08-03,2348.61
2021-08-04,2351.45
2021-08-05,2358.52
2021-08-06,2344.82
2021-08-09,2345.78
2021-08-10,2348.43
2021-08-11,2363.75
2021-08-12,2362.81
2021-08-13,2379.0
2021-08-16,2362.76
2021-08-17,2346.45
2021-08-18,2347.38
2021-08-19,2309.06
2021-08-20,2307.19
2021-08-23,2338.26
2021-08-24,2348.44
2021-08-25,2345.77
2021-08-26,2339.25
2021-08-27,2349.46
2021-08-30,2358.28
2021-08-31,2356.42
2021-09-01,2377.68
2021-09-02,2384.89
2021-09-03,2389.45
2021-09-07,2398.71
2021-09-08,2380.38
2021-09-09,2374.46
2021-09-10,2381.44
2021-09-13,2383.13
2021-09-14,2390.26
2021-09-15,2372.26
2021-09-16,2366.06
2021-09-17,2348.46
2021-09-20,2318.03
2021-09-21,2327.26
2021-09-22,2336.57
2021-09-23,2353.16
2021-09-24,2341.69
2021-09-27,2338.2
2021-09-28,2296.01
2021-09-29,2281.47
2021-09-30,2281.29
2021-10-01,2263.9
2021-10-04,2260.0
2021-10-05,2262.25
2021-10-06,2238.73
2021-10-07,2266.37
2021-10-08,2269.79
2021-10-11,2275.18
2021-10-12,2265.29
2021-10-13,2277.54
2021-10-14,2300.97
2021-10-15,2324.5
2021-10-18,2314.39
2021-10-19,2329.6
2021-10-20,2337.42
2021-10-21,2329.83
2021-10-22,2338.59
2021-10-25,2334.34
2021-10-26,2346.96
2021-10-27,2342.5
2021-10-28,2354.51
2021-10-29,2335.53
2021-11-01,2361.85
2021-11-02,2358.1
2021-11-03,2363.79
2021-11-04,2372.46
2021-11-05,2373.27
2021-11-08,2377.93
2021-11-09,2369.8
2021-11-10,2356.2
2021-11-11,2354.64
2021-11-12,2364.2
2021-11-15,2371.2
2021-11-16,2360.69
2021-11-17,2351.77
2021-11-18,2350.3
2021-11-19,2344.93
2021-11-22,2328.02
2021-11-23,2311.09
2021-11-24,2295.64
2021-11-26,2256.95
2021-11-29,2247.11
2021-11-30,2223.7
2021-12-01,2265.13
2021-12-02,2242.99
2021-12-03,2235.12
2021-12-06,2250.3
2021-12-07,2296.54
2021-12-08,2305.97
2021-12-09,2296.3
2021-12-10,2289.62
2021-12-13,2278.29
2021-12-14,2262.63
2021-12-15,2265.21
2021-12-16,2300.38
2021-12-17,2278.88
2021-12-20,2247.76
2021-12-21,2273.25
2021-12-22,2295.67
2021-12-23,2314.75
2021-12-27,2319.64
2021-12-28,2334.17
2021-12-29,2338.07
2021-12-30,2334.61
2021-12-31,2336.07
