,Mkt-RF,SMB,HML,RF
2014-01-02,-0.88,-0.28,0.18,0.0
2014-01-03,0.03,0.36,0.04,0.0
2014-01-06,-0.34,-0.57,0.3,0.0
2014-01-07,0.68,0.38,-0.37,0.0
2014-01-08,0.04,0.0,-0.11,0.0
2014-01-09,0.02,0.2,-0.44,0.0
2014-01-10,0.27,0.55,-0.82,0.0
2014-01-13,-1.32,-0.08,0.1,0.0
2014-01-14,1.15,0.15,-0.31,0.0
2014-01-15,0.53,0.21,0.2,0.0
2014-01-16,-0.07,0.32,-0.7,0.0
2014-01-17,-0.39,0.03,0.02,0.0
2014-01-21,0.3,0.47,0.0,0.0
2014-01-22,0.15,0.29,0.22,0.0
2014-01-23,-0.86,0.16,-0.54,0.0
2014-01-24,-2.19,-0.38,0.17,0.0
2014-01-27,-0.65,-0.84,0.38,0.0
2014-01-28,0.73,0.17,0.07,0.0
2014-01-29,-1.07,-0.4,0.21,0.0
2014-01-30,1.22,0.3,-0.38,0.0
2014-01-31,-0.66,-0.07,-0.34,0.0
2014-02-03,-2.49,-0.87,0.27,0.0
2014-02-04,0.77,-0.03,-0.03,0.0
2014-02-05,-0.23,-0.62,0.2,0.0
2014-02-06,1.21,-0.48,0.27,0.0
2014-02-07,1.33,-0.17,-0.63,0.0
2014-02-10,0.16,0.14,-0.47,0.0
2014-02-11,1.09,-0.19,0.25,0.0
2014-02-12,0.11,0.26,-0.06,0.0
2014-02-13,0.72,0.7,-0.07,0.0
2014-02-14,0.42,-0.37,0.36,0.0
2014-02-18,0.27,0.97,-0.24,0.0
2014-02-19,-0.74,-0.28,-0.44,0.0
2014-02-20,0.7,0.55,-0.22,0.0
2014-02-21,-0.09,0.35,-0.02,0.0
2014-02-24,0.65,0.18,0.33,0.0
2014-02-25,-0.1,0.15,-0.59,0.0
2014-02-26,0.12,0.69,-0.1,0.0
2014-02-27,0.54,0.14,0.01,0.0
2014-02-28,0.15,-0.72,0.84,0.0
2014-03-03,-0.7,0.09,0.14,0.0
2014-03-04,1.67,1.1,-0.12,0.0
2014-03-05,0.01,-0.27,0.29,0.0
2014-03-06,0.16,-0.33,0.77,0.0
2014-03-07,0.04,-0.11,0.52,0.0
2014-03-10,-0.09,-0.1,0.09,0.0
2014-03-11,-0.62,-0.53,-0.19,0.0
2014-03-12,0.13,0.3,-0.17,0.0
2014-03-13,-1.21,-0.11,0.22,0.0
2014-03-14,-0.16,0.7,-0.09,0.0
2014-03-17,0.9,-0.37,0.02,0.0
2014-03-18,0.82,0.74,-0.39,0.0
2014-03-19,-0.59,-0.18,0.62,0.0
2014-03-20,0.52,-0.49,1.0,0.0
2014-03-21,-0.37,-0.28,0.86,0.0
2014-03-24,-0.64,-0.88,0.9,0.0
2014-03-25,0.3,-0.35,0.15,0.0
2014-03-26,-0.89,-1.17,0.24,0.0
2014-03-27,-0.19,-0.1,-0.34,0.0
2014-03-28,0.41,-0.44,0.55,0.0
2014-03-31,0.97,1.0,-0.16,0.0
2014-04-01,0.87,0.74,-0.37,0.0
2014-04-02,0.29,0.04,0.14,0.0
2014-04-03,-0.31,-0.9,0.8,0.0
2014-04-04,-1.47,-1.12,0.69,0.0
2014-04-07,-1.26,-0.3,-0.07,0.0
2014-04-08,0.5,0.29,-0.21,0.0
2014-04-09,1.21,0.33,-0.86,0.0
2014-04-10,-2.24,-0.7,0.77,0.0
2014-04-11,-1.07,-0.39,0.23,0.0
2014-04-14,0.7,-0.51,0.2,0.0
2014-04-15,0.59,-0.37,0.2,0.0
2014-04-16,1.13,0.04,-0.36,0.0
2014-04-17,0.23,0.34,0.23,0.0
2014-04-21,0.36,0.22,-0.42,0.0
2014-04-22,0.58,0.73,-0.34,0.0
2014-04-23,-0.31,-0.65,0.91,0.0
2014-04-24,0.08,-0.4,-0.18,0.0
2014-04-25,-1.05,-0.97,0.53,0.0
2014-04-28,0.11,-0.63,-0.59,0.0
2014-04-29,0.56,-0.22,-0.11,0.0
2014-04-30,0.35,0.24,-0.03,0.0
2014-05-01,0.04,-0.17,-0.16,0.0
2014-05-02,-0.07,0.21,0.41,0.0
2014-05-05,0.13,-0.28,-0.54,0.0
2014-05-06,-1.03,-0.55,0.12,0.0
2014-05-07,0.45,-0.84,1.1,0.0
2014-05-08,-0.26,-1.01,0.38,0.0
2014-05-09,0.25,0.71,-0.36,0.0
2014-05-12,1.2,1.4,-0.25,0.0
2014-05-13,-0.05,-1.07,0.21,0.0
2014-05-14,-0.6,-1.09,-0.47,0.0
2014-05-15,-0.9,0.33,-0.28,0.0
2014-05-16,0.36,0.27,-0.42,0.0
2014-05-19,0.5,0.61,0.08,0.0
2014-05-20,-0.78,-0.82,0.23,0.0
2014-05-21,0.81,-0.27,0.1,0.0
2014-05-22,0.36,0.63,-0.26,0.0
2014-05-23,0.49,0.62,-0.23,0.0
2014-05-27,0.69,0.69,-0.17,0.0
2014-05-28,-0.11,-0.31,0.23,0.0
2014-05-29,0.54,-0.19,-0.1,0.0
2014-05-30,0.06,-0.66,0.26,0.0
2014-06-02,0.06,-0.68,0.39,0.0
2014-06-03,-0.05,-0.26,0.16,0.0
2014-06-04,0.28,0.23,-0.07,0.0
2014-06-05,0.77,1.29,-0.17,0.0
2014-06-06,0.54,0.48,-0.01,0.0
2014-06-09,0.22,1.02,-0.31,0.0
2014-06-10,-0.03,-0.18,-0.03,0.0
2014-06-11,-0.34,-0.14,-0.23,0.0
2014-06-12,-0.68,0.11,0.17,0.0
2014-06-13,0.31,-0.06,-0.18,0.0
2014-06-16,0.13,0.47,-0.69,0.0
2014-06-17,0.34,0.54,0.46,0.0
2014-06-18,0.75,-0.26,-0.09,0.0
2014-06-19,0.12,-0.15,-0.04,0.0
2014-06-20,0.18,0.17,0.05,0.0
2014-06-23,-0.01,-0.25,0.1,0.0
2014-06-24,-0.72,-0.34,-0.26,0.0
2014-06-25,0.53,0.36,0.16,0.0
2014-06-26,-0.11,-0.09,0.02,0.0
2014-06-27,0.26,0.49,-0.22,0.0
2014-06-30,0.07,0.27,0.17,0.0
2014-07-01,0.74,0.49,-0.39,0.0
2014-07-02,-0.03,-0.44,-0.21,0.0
2014-07-03,0.59,0.22,0.11,0.0
2014-07-07,-0.62,-1.27,0.34,0.0
2014-07-08,-0.82,-0.67,0.72,0.0
2014-07-09,0.46,-0.39,-0.12,0.0
2014-07-10,-0.49,-0.59,-0.02,0.0
2014-07-11,0.12,-0.2,-0.38,0.0
2014-07-14,0.46,0.01,-0.13,0.0
2014-07-15,-0.32,-0.96,1.01,0.0
2014-07-16,0.32,-0.63,0.36,0.0
2014-07-17,-1.21,-0.39,0.19,0.0
2014-07-18,1.12,0.5,-0.45,0.0
2014-07-21,-0.25,-0.24,0.05,0.0
2014-07-22,0.53,0.26,-0.3,0.0
2014-07-23,0.19,0.15,-0.76,0.0
2014-07-24,0.05,-0.31,0.03,0.0
2014-07-25,-0.53,-0.39,0.17,0.0
2014-07-28,-0.08,-0.46,0.27,0.0
2014-07-29,-0.33,0.72,-0.68,0.0
2014-07-30,0.12,0.44,-0.32,0.0
2014-07-31,-2.03,-0.21,0.48,0.0
2014-08-01,-0.32,-0.19,-0.05,0.0
2014-08-04,0.74,0.01,-0.21,0.0
2014-08-05,-0.84,0.79,-0.19,0.0
2014-08-06,0.02,0.39,0.19,0.0
2014-08-07,-0.52,-0.03,-0.15,0.0
2014-08-08,1.12,-0.22,-0.15,0.0
2014-08-11,0.4,0.59,-0.27,0.0
2014-08-12,-0.23,-0.59,0.25,0.0
2014-08-13,0.69,-0.09,-0.23,0.0
2014-08-14,0.44,-0.24,0.02,0.0
2014-08-15,0.0,-0.14,-0.14,0.0
2014-08-18,0.93,0.6,-0.18,0.0
2014-08-19,0.49,-0.13,-0.07,0.0
2014-08-20,0.19,-0.65,0.27,0.0
2014-08-21,0.28,-0.14,0.8,0.0
2014-08-22,-0.1,0.3,-0.36,0.0
2014-08-25,0.5,-0.23,0.03,0.0
2014-08-26,0.19,0.71,-0.33,0.0
2014-08-27,0.0,-0.22,0.14,0.0
2014-08-28,-0.19,-0.42,0.09,0.0
2014-08-29,0.39,0.28,0.09,0.0
2014-09-02,0.06,0.47,-0.09,0.0
2014-09-03,-0.14,-0.56,0.24,0.0
2014-09-04,-0.17,-0.14,-0.18,0.0
2014-09-05,0.45,-0.27,-0.03,0.0
2014-09-08,-0.22,0.53,-0.44,0.0
2014-09-09,-0.72,-0.42,0.0,0.0
2014-09-10,0.45,0.23,-0.41,0.0
2014-09-11,0.19,0.49,0.2,0.0
2014-09-12,-0.55,-0.22,0.11,0.0
2014-09-15,-0.28,-1.07,0.65,0.0
2014-09-16,0.7,-0.39,-0.1,0.0
2014-09-17,0.17,0.09,-0.22,0.0
2014-09-18,0.5,0.03,0.01,0.0
2014-09-19,-0.18,-0.96,0.03,0.0
2014-09-22,-0.97,-0.56,0.09,0.0
2014-09-23,-0.62,-0.3,-0.05,0.0
2014-09-24,0.81,0.11,-0.93,0.0
2014-09-25,-1.62,0.08,0.12,0.0
2014-09-26,0.85,-0.02,-0.24,0.0
2014-09-29,-0.22,0.17,-0.43,0.0
2014-09-30,-0.4,-1.0,0.11,0.0
2014-10-01,-1.39,-0.16,0.3,0.0
2014-10-02,0.15,1.03,-0.39,0.0
2014-10-03,1.08,-0.39,-0.44,0.0
2014-10-06,-0.26,-0.78,0.37,0.0
2014-10-07,-1.56,-0.14,0.13,0.0
2014-10-08,1.7,0.03,-0.06,0.0
2014-10-09,-2.17,-0.42,-0.41,0.0
2014-10-10,-1.3,-0.17,0.5,0.0
2014-10-13,-1.59,1.34,0.48,0.0
2014-10-14,0.28,0.87,-0.12,0.0
2014-10-15,-0.54,1.84,-1.33,0.0
2014-10-16,0.22,1.05,0.24,0.0
2014-10-17,1.14,-1.58,-0.09,0.0
2014-10-20,0.94,0.21,-0.32,0.0
2014-10-21,1.98,-0.43,0.07,0.0
2014-10-22,-0.85,-0.57,0.17,0.0
2014-10-23,1.29,0.53,-0.44,0.0
2014-10-24,0.66,-0.47,-0.12,0.0
2014-10-27,-0.17,0.12,-0.31,0.0
2014-10-28,1.37,1.58,0.03,0.0
2014-10-29,-0.18,-0.06,0.44,0.0
2014-10-30,0.6,0.27,-0.52,0.0
2014-10-31,1.23,0.29,0.2,0.0
2014-11-03,-0.01,-0.26,-0.07,0.0
2014-11-04,-0.35,-0.01,-0.2,0.0
2014-11-05,0.48,-0.56,0.86,0.0
2014-11-06,0.49,0.09,-0.47,0.0
2014-11-07,0.09,0.0,0.47,0.0
2014-11-10,0.33,0.2,-0.52,0.0
2014-11-11,0.1,0.02,-0.27,0.0
2014-11-12,0.07,0.75,-0.27,0.0
2014-11-13,-0.03,-0.9,-0.36,0.0
2014-11-14,0.06,-0.16,0.17,0.0
2014-11-17,-0.05,-0.98,0.24,0.0
2014-11-18,0.51,0.05,-0.35,0.0
2014-11-19,-0.21,-0.94,-0.04,0.0
2014-11-20,0.31,0.88,0.01,0.0
2014-11-21,0.48,-0.39,-0.07,0.0
2014-11-24,0.4,0.96,-0.55,0.0
2014-11-25,-0.09,0.04,-0.03,0.0
2014-11-26,0.3,0.1,-0.48,0.0
2014-11-28,-0.34,-0.89,-1.16,0.0
2014-12-01,-0.89,-0.99,0.62,0.0
2014-12-02,0.65,0.4,0.09,0.0
2014-12-03,0.46,0.42,0.32,0.0
2014-12-04,-0.17,-0.32,0.08,0.0
2014-12-05,0.25,0.58,0.25,0.0
2014-12-08,-0.82,-0.57,0.21,0.0
2014-12-09,0.13,1.71,-0.1,0.0
2014-12-10,-1.72,-0.62,-0.12,0.0
2014-12-11,0.5,-0.08,-0.18,0.0
2014-12-12,-1.55,0.51,-0.59,0.0
2014-12-15,-0.68,-0.27,0.08,0.0
2014-12-16,-0.8,0.6,0.62,0.0
2014-12-17,2.15,0.86,-0.07,0.0
2014-12-18,2.36,-0.87,-0.19,0.0
2014-12-19,0.43,-0.24,0.23,0.0
2014-12-22,0.37,0.21,-0.1,0.0
2014-12-23,0.21,-0.31,1.1,0.0
2014-12-24,0.07,0.36,-0.18,0.0
2014-12-26,0.39,0.38,-0.32,0.0
2014-12-29,0.13,0.16,0.58,0.0
2014-12-30,-0.48,0.06,0.32,0.0
2014-12-31,-0.93,0.51,-0.4,0.0
2015-01-02,-0.12,-0.61,0.08,0.0
2015-01-05,-1.84,0.33,-0.68,0.0
2015-01-06,-1.04,-0.78,-0.31,0.0
2015-01-07,1.19,0.2,-0.66,0.0
2015-01-08,1.81,-0.11,-0.28,0.0
2015-01-09,-0.85,0.01,-0.47,0.0
2015-01-12,-0.79,0.4,-0.44,0.0
2015-01-13,-0.19,0.27,0.01,0.0
2015-01-14,-0.6,0.29,-0.51,0.0
2015-01-15,-1.08,-0.98,0.59,0.0
2015-01-16,1.36,0.46,-0.13,0.0
2015-01-20,0.11,-0.66,-0.51,0.0
2015-01-21,0.42,-0.96,0.57,0.0
2015-01-22,1.58,0.45,0.42,0.0
2015-01-23,-0.47,0.52,-0.77,0.0
2015-01-26,0.43,0.59,-0.05,0.0
2015-01-27,-1.21,0.65,0.2,0.0
2015-01-28,-1.39,-0.06,-0.82,0.0
2015-01-29,0.98,0.25,0.03,0.0
2015-01-30,-1.31,-0.78,0.05,0.0
2015-02-02,1.24,-0.46,1.0,0.0
2015-02-03,1.49,0.16,0.49,0.0
2015-02-04,-0.35,-0.08,-0.23,0.0
2015-02-05,1.1,0.47,-0.07,0.0
2015-02-06,-0.2,0.08,0.35,0.0
2015-02-09,-0.46,-0.37,0.12,0.0
2015-02-10,1.05,-0.3,-0.72,0.0
2015-02-11,0.03,-0.09,-0.33,0.0
2015-02-12,1.0,0.15,-0.06,0.0
2015-02-13,0.47,0.17,-0.32,0.0
2015-02-17,0.17,-0.02,-0.07,0.0
2015-02-18,0.03,0.31,-0.81,0.0
2015-02-19,-0.01,0.26,-0.37,0.0
2015-02-20,0.61,-0.41,-0.27,0.0
2015-02-23,-0.08,0.04,-0.37,0.0
2015-02-24,0.32,-0.04,0.72,0.0
2015-02-25,0.02,0.24,-0.49,0.0
2015-02-26,-0.08,0.66,-0.49,0.0
2015-02-27,-0.36,-0.22,0.19,0.0
2015-03-02,0.62,0.23,-0.46,0.0
2015-03-03,-0.43,-0.31,0.31,0.0
2015-03-04,-0.41,0.12,-0.38,0.0
2015-03-05,0.15,0.26,-0.42,0.0
2015-03-06,-1.29,0.28,0.43,0.0
2015-03-09,0.37,0.09,-0.02,0.0
2015-03-10,-1.63,0.44,-0.52,0.0
2015-03-11,-0.04,0.54,0.51,0.0
2015-03-12,1.28,0.38,0.5,0.0
2015-03-13,-0.57,0.22,-0.04,0.0
2015-03-16,1.23,-0.78,-0.38,0.0
2015-03-17,-0.2,0.53,-0.02,0.0
2015-03-18,1.08,-0.53,0.02,0.0
2015-03-19,-0.36,0.9,-1.12,0.0
2015-03-20,0.81,-0.16,0.56,0.0
2015-03-23,-0.19,0.21,0.23,0.0
2015-03-24,-0.51,0.6,-0.25,0.0
2015-03-25,-1.56,-1.0,1.03,0.0
2015-03-26,-0.22,0.11,-0.04,0.0
2015-03-27,0.32,0.5,-0.71,0.0
2015-03-30,1.24,0.01,0.0,0.0
2015-03-31,-0.75,0.41,0.38,0.0
2015-04-01,-0.38,0.33,0.44,0.0
2015-04-02,0.35,-0.08,0.28,0.0
2015-04-06,0.61,-0.28,-0.11,0.0
2015-04-07,-0.22,-0.19,-0.18,0.0
2015-04-08,0.37,0.55,-0.73,0.0
2015-04-09,0.41,-0.71,-0.07,0.0
2015-04-10,0.49,-0.07,-0.29,0.0
2015-04-13,-0.38,0.5,0.24,0.0
2015-04-14,0.1,-0.22,0.23,0.0
2015-04-15,0.57,0.25,0.36,0.0
2015-04-16,-0.08,-0.08,-0.21,0.0
2015-04-17,-1.23,-0.46,0.16,0.0
2015-04-20,0.95,0.17,-0.27,0.0
2015-04-21,-0.1,0.18,-0.73,0.0
2015-04-22,0.46,-0.37,0.18,0.0
2015-04-23,0.29,0.29,-0.25,0.0
2015-04-24,0.17,-0.5,-0.31,0.0
2015-04-27,-0.54,-0.7,0.56,0.0
2015-04-28,0.27,0.18,1.06,0.0
2015-04-29,-0.38,-0.74,0.74,0.0
2015-04-30,-1.11,-1.07,0.73,0.0
2015-05-01,1.01,-0.3,-0.6,0.0
2015-05-04,0.32,0.04,0.23,0.0
2015-05-05,-1.19,-0.16,0.52,0.0
2015-05-06,-0.31,0.63,-0.13,0.0
2015-05-07,0.39,0.08,-0.36,0.0
2015-05-08,1.21,-0.55,-0.12,0.0
2015-05-11,-0.39,0.69,-0.02,0.0
2015-05-12,-0.27,-0.01,0.11,0.0
2015-05-13,0.01,-0.02,0.04,0.0
2015-05-14,1.01,-0.1,-0.34,0.0
2015-05-15,0.05,-0.24,-0.21,0.0
2015-05-18,0.44,0.74,-0.09,0.0
2015-05-19,-0.09,-0.12,0.24,0.0
2015-05-20,-0.05,0.21,-0.12,0.0
2015-05-21,0.23,-0.29,0.01,0.0
2015-05-22,-0.22,-0.11,-0.12,0.0
2015-05-26,-1.01,-0.02,-0.02,0.0
2015-05-27,0.93,0.33,-0.3,0.0
2015-05-28,-0.12,0.09,0.15,0.0
2015-05-29,-0.58,0.01,0.04,0.0
2015-06-01,0.17,-0.04,-0.22,0.0
2015-06-02,-0.02,0.32,0.35,0.0
2015-06-03,0.39,0.88,-0.24,0.0
2015-06-04,-0.88,-0.1,0.0,0.0
2015-06-05,0.06,0.81,0.1,0.0
2015-06-08,-0.66,0.05,0.0,0.0
2015-06-09,0.02,-0.31,0.37,0.0
2015-06-10,1.2,0.16,0.21,0.0
2015-06-11,0.21,-0.11,-0.1,0.0
2015-06-12,-0.63,0.33,0.12,0.0
2015-06-15,-0.45,0.11,-0.14,0.0
2015-06-16,0.57,0.1,-0.01,0.0
2015-06-17,0.16,-0.29,-0.65,0.0
2015-06-18,0.99,0.23,-0.44,0.0
2015-06-19,-0.43,0.56,-0.2,0.0
2015-06-22,0.63,0.09,-0.05,0.0
2015-06-23,0.12,0.23,0.29,0.0
2015-06-24,-0.79,-0.12,0.12,0.0
2015-06-25,-0.25,0.37,-0.2,0.0
2015-06-26,-0.06,-0.22,0.41,0.0
2015-06-29,-2.15,-0.44,0.17,0.0
2015-06-30,0.34,0.31,-0.65,0.0
2015-07-01,0.61,-0.77,-0.03,0.0
2015-07-02,-0.11,-0.57,-0.1,0.0
2015-07-06,-0.37,0.19,-0.55,0.0
2015-07-07,0.53,-0.45,-0.3,0.0
2015-07-08,-1.68,-0.01,0.09,0.0
2015-07-09,0.29,0.15,0.02,0.0
2015-07-10,1.24,0.23,-0.51,0.0
2015-07-13,1.14,-0.08,-0.43,0.0
2015-07-14,0.47,0.17,0.1,0.0
2015-07-15,-0.19,-0.8,-0.06,0.0
2015-07-16,0.78,-0.16,-0.64,0.0
2015-07-17,0.05,-0.59,-0.66,0.0
2015-07-20,-0.01,-0.71,-0.6,0.0
2015-07-21,-0.47,0.01,0.3,0.0
2015-07-22,-0.18,0.19,0.23,0.0
2015-07-23,-0.6,-0.39,-0.31,0.0
2015-07-24,-1.08,-0.63,0.05,0.0
2015-07-27,-0.74,-0.25,0.07,0.0
2015-07-28,1.23,-0.36,-0.13,0.0
2015-07-29,0.74,-0.39,0.53,0.0
2015-07-30,0.12,0.15,-0.28,0.0
2015-07-31,-0.15,0.85,-1.01,0.0
2015-08-03,-0.34,-0.33,-0.21,0.0
2015-08-04,-0.14,0.03,-0.13,0.0
2015-08-05,0.36,-0.02,-0.41,0.0
2015-08-06,-0.88,-0.53,1.93,0.0
2015-08-07,-0.36,-0.48,-0.3,0.0
2015-08-10,1.31,0.15,0.7,0.0
2015-08-11,-0.98,-0.11,0.43,0.0
2015-08-12,0.07,-0.1,-0.32,0.0
2015-08-13,-0.14,-0.47,0.07,0.0
2015-08-14,0.43,0.14,0.44,0.0
2015-08-17,0.6,0.44,-0.87,0.0
2015-08-18,-0.35,-0.64,0.38,0.0
2015-08-19,-0.85,-0.12,-0.22,0.0
2015-08-20,-2.24,-0.28,0.58,0.0
2015-08-21,-2.95,1.85,0.14,0.0
2015-08-24,-3.9,0.33,-0.42,0.0
2015-08-25,-1.17,0.71,-0.6,0.0
2015-08-26,3.68,-1.36,-0.34,0.0
2015-08-27,2.4,-0.72,0.6,0.0
2015-08-28,0.23,0.99,0.08,0.0
2015-08-31,-0.74,0.77,1.42,0.0
2015-09-01,-2.91,0.3,-0.5,0.0
2015-09-02,1.81,-0.15,-0.92,0.0
2015-09-03,0.17,-0.34,0.75,0.0
2015-09-04,-1.39,0.91,-0.57,0.0
2015-09-08,2.52,-0.34,-0.57,0.0
2015-09-09,-1.34,0.16,0.13,0.0
2015-09-10,0.49,-0.12,-0.35,0.0
2015-09-11,0.44,-0.2,-0.69,0.0
2015-09-14,-0.41,0.02,0.03,0.0
2015-09-15,1.22,-0.2,0.28,0.0
2015-09-16,0.84,0.01,0.44,0.0
2015-09-17,-0.17,0.92,-1.5,0.0
2015-09-18,-1.62,0.5,-0.96,0.0
2015-09-21,0.36,-0.96,1.24,0.0
2015-09-22,-1.29,-0.29,0.14,0.0
2015-09-23,-0.27,-0.16,-0.16,0.0
2015-09-24,-0.36,0.27,0.52,0.0
2015-09-25,-0.22,-1.69,1.88,0.0
2015-09-28,-2.63,-0.29,1.15,0.0
2015-09-29,-0.07,-0.72,0.69,0.0
2015-09-30,1.88,-0.42,-0.44,0.0
2015-10-01,0.13,-0.46,-0.06,0.0
2015-10-02,1.48,0.32,-0.84,0.0
2015-10-05,1.93,0.62,0.77,0.0
2015-10-06,-0.43,-0.24,1.65,0.0
2015-10-07,0.94,0.78,-0.24,0.0
2015-10-08,0.84,0.23,0.74,0.0
2015-10-09,0.12,0.21,-1.07,0.0
2015-10-12,0.06,-0.39,-0.08,0.0
2015-10-13,-0.74,-0.74,0.67,0.0
2015-10-14,-0.6,-0.29,-0.06,0.0
2015-10-15,1.56,0.68,-0.09,0.0
2015-10-16,0.36,-0.46,-0.32,0.0
2015-10-19,0.0,0.16,-0.68,0.0
2015-10-20,-0.15,0.01,1.22,0.0
2015-10-21,-0.74,-0.88,-0.2,0.0
2015-10-22,1.5,-0.79,0.32,0.0
2015-10-23,1.09,-0.01,-0.56,0.0
2015-10-26,-0.2,-0.34,-0.73,0.0
2015-10-27,-0.42,-0.87,-0.93,0.0
2015-10-28,1.43,1.42,0.69,0.0
2015-10-29,-0.2,-0.81,-0.05,0.0
2015-10-30,-0.42,0.2,-0.56,0.0
2015-11-02,1.25,0.85,-0.02,0.0
2015-11-03,0.32,0.4,0.24,0.0
2015-11-04,-0.26,0.33,-0.32,0.0
2015-11-05,-0.08,0.03,0.49,0.0
2015-11-06,0.14,0.87,0.33,0.0
2015-11-09,-0.95,-0.24,-0.04,0.0
2015-11-10,0.13,0.0,0.22,0.0
2015-11-11,-0.43,-0.49,-0.18,0.0
2015-11-12,-1.45,-0.53,-0.4,0.0
2015-11-13,-1.07,0.32,0.37,0.0
2015-11-16,1.39,-0.6,0.48,0.0
2015-11-17,-0.11,-0.12,-0.65,0.0
2015-11-18,1.61,-0.02,-0.08,0.0
2015-11-19,-0.13,-0.25,-0.16,0.0
2015-11-20,0.36,0.43,-0.39,0.0
2015-11-23,-0.01,0.65,-0.35,0.0
2015-11-24,0.21,0.69,0.25,0.0
2015-11-25,0.09,0.87,-0.54,0.0
2015-11-27,0.09,0.24,-0.29,0.0
2015-11-30,-0.47,0.12,0.67,0.0
2015-12-01,0.97,-0.66,0.25,0.0
2015-12-02,-1.01,0.24,-0.71,0.0
2015-12-03,-1.5,-0.2,0.4,0.0
2015-12-04,1.87,-1.02,-0.48,0.0
2015-12-07,-0.83,-0.88,-0.68,0.0
2015-12-08,-0.59,0.47,-1.21,0.0
2015-12-09,-0.83,-0.35,0.4,0.0
2015-12-10,0.3,0.11,-0.23,0.0
2015-12-11,-2.03,-0.22,-0.06,0.0
2015-12-14,0.29,-1.03,-0.17,0.0
2015-12-15,1.1,0.05,0.79,0.0
2015-12-16,1.47,0.01,-0.69,0.0
2015-12-17,-1.46,0.4,-0.36,0.0
2015-12-18,-1.7,0.76,-0.37,0.0
2015-12-21,0.74,-0.18,-0.07,0.0
2015-12-22,0.89,-0.07,0.52,0.0
2015-12-23,1.29,0.13,0.57,0.0
2015-12-24,-0.11,0.28,-0.02,0.0
2015-12-28,-0.28,-0.47,-0.37,0.0
2015-12-29,1.05,0.1,-0.28,0.0
2015-12-30,-0.74,-0.17,-0.15,0.0
2015-12-31,-0.92,-0.24,0.23,0.0
2016-01-04,-1.59,-0.87,0.52,0.0
2016-01-05,0.12,-0.19,0.01,0.0
2016-01-06,-1.35,-0.14,0.0,0.0
2016-01-07,-2.44,-0.29,0.08,0.0
2016-01-08,-1.11,-0.49,-0.03,0.0
2016-01-11,-0.06,-0.64,0.4,0.0
2016-01-12,0.72,-0.42,-0.77,0.0
2016-01-13,-2.67,-0.73,0.81,0.0
2016-01-14,1.65,0.01,-0.4,0.0
2016-01-15,-2.14,0.41,-0.24,0.0
2016-01-19,-0.19,-1.34,-0.06,0.0
2016-01-20,-0.94,1.88,-1.27,0.0
2016-01-21,0.45,-0.52,-0.02,0.0
2016-01-22,2.08,0.21,-0.2,0.0
2016-01-25,-1.71,-0.39,-0.99,0.0
2016-01-26,1.52,0.42,1.18,0.0
2016-01-27,-1.11,-0.55,1.71,0.0
2016-01-28,0.49,-0.47,1.26,0.0
2016-01-29,2.57,0.47,0.43,0.0
2016-02-01,-0.04,-0.19,-1.0,0.001
2016-02-02,-2.0,-0.03,-0.37,0.001
2016-02-03,0.46,-0.33,0.47,0.001
2016-02-04,0.27,0.12,0.35,0.001
2016-02-05,-2.06,-1.07,1.64,0.001
2016-02-08,-1.51,-0.02,0.83,0.001
2016-02-09,-0.09,-0.47,-0.28,0.001
2016-02-10,0.01,-0.05,-0.55,0.001
2016-02-11,-1.17,0.5,-1.48,0.001
2016-02-12,1.99,-0.52,1.1,0.001
2016-02-16,1.78,0.52,-0.53,0.001
2016-02-17,1.75,-0.07,-0.65,0.001
2016-02-18,-0.51,-0.01,0.22,0.001
2016-02-19,0.06,0.42,-0.58,0.001
2016-02-22,1.43,-0.27,0.26,0.001
2016-02-23,-1.22,0.46,-0.51,0.001
2016-02-24,0.53,0.7,-0.3,0.001
2016-02-25,1.1,-0.43,0.23,0.001
2016-02-26,-0.01,0.81,0.29,0.001
2016-02-29,-0.69,0.65,0.25,0.001
2016-03-01,2.34,-0.65,0.39,0.001
2016-03-02,0.54,0.52,0.68,0.001
2016-03-03,0.5,0.46,0.66,0.001
2016-03-04,0.37,0.29,0.29,0.001
2016-03-07,0.21,1.2,0.55,0.001
2016-03-08,-1.27,-1.17,-0.48,0.001
2016-03-09,0.5,0.01,0.41,0.001
2016-03-10,-0.11,-0.86,0.62,0.001
2016-03-11,1.69,0.28,0.23,0.001
2016-03-14,-0.12,-0.08,-0.9,0.001
2016-03-15,-0.36,-1.49,0.69,0.001
2016-03-16,0.63,0.11,-0.1,0.001
2016-03-17,0.72,0.83,0.59,0.001
2016-03-18,0.54,0.37,-0.15,0.001
2016-03-21,0.1,-0.21,-0.32,0.001
2016-03-22,-0.05,-0.01,-0.44,0.001
2016-03-23,-0.86,-1.17,-0.15,0.001
2016-03-24,0.0,0.48,-0.07,0.001
2016-03-28,0.04,-0.03,0.16,0.001
2016-03-29,1.07,1.8,-1.2,0.001
2016-03-30,0.41,-0.29,0.16,0.001
2016-03-31,-0.11,0.45,-0.48,0.001
2016-04-01,0.64,-0.24,-0.62,0.0
2016-04-04,-0.41,-0.21,-0.8,0.0
2016-04-05,-0.94,-0.09,-0.38,0.0
2016-04-06,1.14,0.22,-0.76,0.0
2016-04-07,-1.23,-0.05,-0.38,0.0
2016-04-08,0.29,0.02,0.68,0.0
2016-04-11,-0.28,-0.12,0.96,0.0
2016-04-12,0.99,-0.07,0.87,0.0
2016-04-13,1.23,0.87,0.38,0.0
2016-04-14,0.03,-0.25,0.14,0.0
2016-04-15,-0.04,0.34,-0.34,0.0
2016-04-18,0.65,0.11,-0.19,0.0
2016-04-19,0.29,-0.37,1.48,0.0
2016-04-20,0.15,-0.1,0.58,0.0
2016-04-21,-0.47,0.11,-0.6,0.0
2016-04-22,0.12,0.82,0.52,0.0
2016-04-25,-0.24,-0.58,-0.17,0.0
2016-04-26,0.29,0.66,0.8,0.0
2016-04-27,0.21,0.04,0.69,0.0
2016-04-28,-0.96,-0.13,-0.01,0.0
2016-04-29,-0.5,-0.17,0.38,0.0
2016-05-02,0.79,0.02,-0.38,0.001
2016-05-03,-1.05,-0.66,-0.45,0.001
2016-05-04,-0.66,-0.14,0.04,0.001
2016-05-05,-0.08,-0.5,0.06,0.001
2016-05-06,0.38,0.03,0.24,0.001
2016-05-09,0.05,0.39,-1.47,0.001
2016-05-10,1.26,-0.4,0.5,0.001
2016-05-11,-0.89,-0.35,0.8,0.001
2016-05-12,-0.11,-0.62,0.14,0.001
2016-05-13,-0.82,0.39,-0.68,0.001
2016-05-16,0.99,0.29,-0.23,0.001
2016-05-17,-0.95,-0.8,0.61,0.001
2016-05-18,0.1,0.13,0.9,0.001
2016-05-19,-0.33,-0.35,-0.26,0.001
2016-05-20,0.75,0.9,-0.27,0.001
2016-05-23,-0.18,0.25,-0.32,0.001
2016-05-24,1.43,0.71,-0.35,0.001
2016-05-25,0.72,-0.21,0.56,0.001
2016-05-26,-0.04,-0.09,-0.54,0.001
2016-05-27,0.49,0.34,-0.17,0.001
2016-05-31,-0.01,0.52,-0.37,0.001
2016-06-01,0.2,0.65,-0.2,0.001
2016-06-02,0.35,0.33,-0.58,0.001
2016-06-03,-0.38,-0.16,-0.07,0.001
2016-06-06,0.6,0.67,0.31,0.001
2016-06-07,0.12,0.16,0.1,0.001
2016-06-08,0.37,0.45,-0.09,0.001
2016-06-09,-0.27,-0.4,-0.24,0.001
2016-06-10,-1.05,-0.35,-0.18,0.001
2016-06-13,-0.84,-0.35,0.12,0.001
2016-06-14,-0.19,0.26,-0.72,0.001
2016-06-15,-0.11,0.23,-0.03,0.001
2016-06-16,0.24,-0.35,-0.45,0.001
2016-06-17,-0.3,-0.11,0.95,0.001
2016-06-20,0.71,0.62,0.02,0.001
2016-06-21,0.21,-0.64,0.5,0.001
2016-06-22,-0.2,-0.32,0.08,0.001
2016-06-23,1.45,0.51,0.47,0.001
2016-06-24,-3.7,0.16,-1.22,0.001
2016-06-27,-2.07,-0.95,-0.72,0.001
2016-06-28,1.76,-0.38,0.16,0.001
2016-06-29,1.8,0.28,-0.03,0.001
2016-06-30,1.42,0.35,0.42,0.001
2016-07-01,0.24,0.52,-0.43,0.001
2016-07-05,-0.85,-0.63,-1.37,0.001
2016-07-06,0.62,0.17,-0.14,0.001
2016-07-07,0.02,0.34,-0.17,0.001
2016-07-08,1.6,0.92,0.32,0.001
2016-07-11,0.43,0.6,0.27,0.001
2016-07-12,0.75,0.62,0.99,0.001
2016-07-13,-0.05,-0.52,0.49,0.001
2016-07-14,0.51,-0.46,0.46,0.001
2016-07-15,-0.05,0.31,0.01,0.001
2016-07-18,0.25,-0.02,-0.13,0.001
2016-07-19,-0.22,-0.65,0.04,0.001
2016-07-20,0.48,0.45,-0.89,0.001
2016-07-21,-0.38,-0.04,-0.04,0.001
2016-07-22,0.48,0.26,-0.13,0.001
2016-07-25,-0.27,-0.05,-0.23,0.001
2016-07-26,0.13,0.57,0.54,0.001
2016-07-27,-0.14,0.56,-0.43,0.001
2016-07-28,0.18,-0.49,-0.32,0.001
2016-07-29,0.17,-0.04,0.01,0.001
2016-08-01,-0.16,0.2,-0.89,0.001
2016-08-02,-0.7,-0.58,0.18,0.001
2016-08-03,0.45,0.49,0.81,0.001
2016-08-04,0.05,0.09,-0.39,0.001
2016-08-05,0.93,0.42,0.92,0.001
2016-08-08,-0.06,0.01,0.51,0.001
2016-08-09,0.05,-0.04,-0.27,0.001
2016-08-10,-0.29,-0.43,-0.18,0.001
2016-08-11,0.54,0.14,0.02,0.001
2016-08-12,-0.06,0.09,-0.17,0.001
2016-08-15,0.39,0.75,0.39,0.001
2016-08-16,-0.57,-0.27,0.59,0.001
2016-08-17,0.12,-0.56,0.25,0.001
2016-08-18,0.32,0.46,0.34,0.001
2016-08-19,-0.11,0.11,-0.14,0.001
2016-08-22,-0.02,0.25,-0.4,0.001
2016-08-23,0.27,0.57,-0.02,0.001
2016-08-24,-0.56,-0.49,0.38,0.001
2016-08-25,-0.08,0.19,0.48,0.001
2016-08-26,-0.15,0.14,-0.1,0.001
2016-08-29,0.53,-0.08,0.34,0.001
2016-08-30,-0.14,0.12,0.29,0.001
2016-08-31,-0.24,-0.39,0.14,0.001
2016-09-01,0.03,0.14,-0.5,0.001
2016-09-02,0.53,0.4,0.35,0.001
2016-09-06,0.26,0.09,-0.54,0.001
2016-09-07,0.09,0.63,0.03,0.001
2016-09-08,-0.18,-0.01,0.58,0.001
2016-09-09,-2.47,-0.57,0.41,0.001
2016-09-12,1.44,0.01,-0.44,0.001
2016-09-13,-1.48,-0.24,-0.43,0.001
2016-09-14,-0.08,0.12,-0.81,0.001
2016-09-15,1.08,0.3,-0.32,0.001
2016-09-16,-0.36,0.33,-0.45,0.001
2016-09-19,0.05,0.42,0.15,0.001
2016-09-20,-0.02,-0.24,-0.41,0.001
2016-09-21,1.12,0.14,0.33,0.001
2016-09-22,0.7,0.85,-0.06,0.001
2016-09-23,-0.6,-0.1,-0.21,0.001
2016-09-26,-0.88,-0.22,-0.35,0.001
2016-09-27,0.64,-0.07,-0.49,0.001
2016-09-28,0.56,0.2,1.1,0.001
2016-09-29,-0.98,-0.41,0.52,0.001
2016-09-30,0.88,0.38,0.34,0.001
2016-10-03,-0.26,-0.03,-0.13,0.001
2016-10-04,-0.46,0.03,0.15,0.001
2016-10-05,0.58,0.29,0.79,0.001
2016-10-06,-0.06,-0.26,0.29,0.001
2016-10-07,-0.38,-0.51,0.2,0.001
2016-10-10,0.52,0.56,0.04,0.001
2016-10-11,-1.3,-0.6,0.45,0.001
2016-10-12,0.06,-0.24,0.35,0.001
2016-10-13,-0.42,-0.68,-0.64,0.001
2016-10-14,0.01,-0.39,0.58,0.001
2016-10-17,-0.29,-0.04,0.16,0.001
2016-10-18,0.6,-0.17,0.04,0.001
2016-10-19,0.25,0.04,0.94,0.001
2016-10-20,-0.16,-0.03,-0.12,0.001
2016-10-21,0.02,-0.14,-0.32,0.001
2016-10-24,0.54,0.05,-0.18,0.001
2016-10-25,-0.46,-0.59,0.22,0.001
2016-10-26,-0.23,-0.85,0.71,0.001
2016-10-27,-0.33,-0.96,0.56,0.001
2016-10-28,-0.29,-0.11,0.11,0.001
2016-10-31,0.02,0.06,0.1,0.001
2016-11-01,-0.68,-0.37,0.19,0.001
2016-11-02,-0.73,-0.64,0.26,0.001
2016-11-03,-0.4,-0.47,1.05,0.001
2016-11-04,-0.12,0.87,-0.44,0.001
2016-11-07,2.23,0.19,-0.12,0.001
2016-11-08,0.4,-0.08,-0.23,0.001
2016-11-09,1.46,1.89,1.02,0.001
2016-11-10,0.32,1.14,1.82,0.001
2016-11-11,0.18,2.52,-0.01,0.001
2016-11-14,0.21,0.63,1.41,0.001
2016-11-15,0.8,-0.55,0.15,0.001
2016-11-16,-0.12,0.31,-0.54,0.001
2016-11-17,0.56,0.13,-0.15,0.001
2016-11-18,-0.16,0.56,0.39,0.001
2016-11-21,0.77,-0.26,0.05,0.001
2016-11-22,0.31,0.56,0.53,0.001
2016-11-23,0.16,0.5,0.19,0.001
2016-11-25,0.4,-0.06,-0.29,0.001
2016-11-28,-0.64,-0.75,0.09,0.001
2016-11-29,0.11,-0.35,-0.06,0.001
2016-11-30,-0.25,-0.4,2.21,0.001
2016-12-01,-0.36,-0.65,2.03,0.001
2016-12-02,0.0,0.04,-0.33,0.001
2016-12-05,0.75,1.08,0.29,0.001
2016-12-06,0.48,0.62,0.22,0.001
2016-12-07,1.26,-0.61,0.49,0.001
2016-12-08,0.36,1.15,0.61,0.001
2016-12-09,0.46,-0.27,0.19,0.001
2016-12-12,-0.3,-0.96,-0.13,0.001
2016-12-13,0.6,-0.53,-0.26,0.001
2016-12-14,-0.82,-0.37,-0.29,0.001
2016-12-15,0.46,0.38,0.3,0.001
2016-12-16,-0.22,0.07,-0.41,0.001
2016-12-19,0.22,0.32,0.08,0.001
2016-12-20,0.44,0.42,0.64,0.001
2016-12-21,-0.24,-0.36,0.21,0.001
2016-12-22,-0.3,-0.76,0.26,0.001
2016-12-23,0.19,0.57,-0.5,0.001
2016-12-27,0.27,0.21,0.14,0.001
2016-12-28,-0.87,-0.27,0.08,0.001
2016-12-29,-0.04,0.15,-0.33,0.001
2016-12-30,-0.52,-0.12,0.2,0.001
2017-01-03,0.83,-0.13,0.05,0.002
2017-01-04,0.79,0.95,-0.16,0.002
2017-01-05,-0.21,-0.88,-0.79,0.002
2017-01-06,0.29,-0.66,-0.31,0.002
2017-01-09,-0.37,-0.29,-1.04,0.002
2017-01-10,0.16,0.88,0.44,0.002
2017-01-11,0.31,-0.23,0.66,0.002
2017-01-12,-0.3,-0.57,-0.87,0.002
2017-01-13,0.29,0.61,-0.08,0.002
2017-01-17,-0.49,-0.86,-0.63,0.002
2017-01-18,0.24,0.17,0.24,0.002
2017-01-19,-0.38,-0.51,-0.04,0.002
2017-01-20,0.33,0.06,0.2,0.002
2017-01-23,-0.29,-0.03,-0.32,0.002
2017-01-24,0.83,0.71,0.82,0.002
2017-01-25,0.84,0.17,0.44,0.002
2017-01-26,-0.1,-0.62,0.41,0.002
2017-01-27,-0.12,0.0,-0.68,0.002
2017-01-30,-0.68,-0.72,-0.46,0.002
2017-01-31,0.0,0.88,-0.57,0.002
2017-02-01,0.03,-0.08,0.04,0.002
2017-02-02,-0.02,-0.23,-0.32,0.002
2017-02-03,0.82,0.51,0.75,0.002
2017-02-06,-0.27,-0.6,-0.2,0.002
2017-02-07,-0.01,-0.3,-0.51,0.002
2017-02-08,0.06,-0.23,-0.59,0.002
2017-02-09,0.72,0.68,0.07,0.002
2017-02-10,0.38,0.4,0.15,0.002
2017-02-13,0.49,-0.32,0.33,0.002
2017-02-14,0.45,-0.24,0.35,0.002
2017-02-15,0.54,0.18,-0.42,0.002
2017-02-16,-0.16,-0.22,0.01,0.002
2017-02-17,0.2,0.0,-0.54,0.002
2017-02-21,0.6,-0.01,0.13,0.002
2017-02-22,-0.15,-0.37,0.11,0.002
2017-02-23,-0.11,-0.65,0.24,0.002
2017-02-24,0.15,0.04,-0.98,0.002
2017-02-27,0.22,0.82,-0.33,0.002
2017-02-28,-0.42,-1.38,0.16,0.002
2017-03-01,1.47,0.42,0.77,0.001
2017-03-02,-0.7,-0.52,-0.9,0.001
2017-03-03,0.09,-0.22,0.14,0.001
2017-03-06,-0.38,-0.35,-0.08,0.001
2017-03-07,-0.36,-0.29,-0.06,0.001
2017-03-08,-0.19,-0.12,-0.82,0.001
2017-03-09,0.04,-0.47,-0.23,0.001
2017-03-10,0.34,0.09,-0.47,0.001
2017-03-13,0.13,0.32,-0.06,0.001
2017-03-14,-0.36,-0.23,-0.01,0.001
2017-03-15,0.86,0.71,-0.46,0.001
2017-03-16,-0.06,0.45,0.23,0.001
2017-03-17,-0.08,0.64,-0.33,0.001
2017-03-20,-0.25,-0.11,-0.72,0.001
2017-03-21,-1.48,-1.33,-0.71,0.001
2017-03-22,0.16,-0.3,-0.56,0.001
2017-03-23,-0.03,0.69,0.49,0.001
2017-03-24,-0.05,0.13,-0.21,0.001
2017-03-27,-0.05,0.55,-0.49,0.001
2017-03-28,0.72,-0.15,0.72,0.001
2017-03-29,0.18,0.38,-0.09,0.001
2017-03-30,0.36,0.33,0.92,0.001
2017-03-31,-0.16,0.58,-0.32,0.001
2017-04-03,-0.28,-1.1,-0.08,0.003
2017-04-04,0.05,-0.23,0.32,0.003
2017-04-05,-0.44,-0.8,-0.3,0.003
2017-04-06,0.32,0.67,0.48,0.003
2017-04-07,-0.08,0.12,-0.26,0.003
2017-04-10,0.08,0.1,0.07,0.003
2017-04-11,-0.05,0.8,0.23,0.003
2017-04-12,-0.49,-0.83,-0.55,0.003
2017-04-13,-0.75,-0.24,-0.81,0.003
2017-04-17,0.89,0.24,0.24,0.003
2017-04-18,-0.25,0.37,-0.18,0.003
2017-04-19,-0.08,0.6,-0.45,0.003
2017-04-20,0.83,0.53,0.26,0.003
2017-04-21,-0.28,0.11,-0.15,0.003
2017-04-24,1.18,0.18,0.5,0.003
2017-04-25,0.65,0.36,-0.07,0.003
2017-04-26,0.04,0.71,0.31,0.003
2017-04-27,0.05,-0.13,-0.97,0.003
2017-04-28,-0.3,-0.69,-0.61,0.003
2017-05-01,0.21,0.26,-0.12,0.003
2017-05-02,0.03,-0.47,-0.21,0.003
2017-05-03,-0.19,-0.55,0.21,0.003
2017-05-04,0.02,-0.06,-0.35,0.003
2017-05-05,0.46,0.08,0.0,0.003
2017-05-08,-0.04,-0.24,0.26,0.003
2017-05-09,-0.05,0.5,-0.8,0.003
2017-05-10,0.2,0.19,0.02,0.003
2017-05-11,-0.26,-0.39,-0.16,0.003
2017-05-12,-0.18,-0.3,-0.6,0.003
2017-05-15,0.53,0.25,0.21,0.003
2017-05-16,-0.03,0.15,-0.09,0.003
2017-05-17,-1.97,-0.86,-0.6,0.003
2017-05-18,0.4,0.06,-0.39,0.003
2017-05-19,0.7,-0.37,0.4,0.003
2017-05-22,0.56,0.29,-0.3,0.003
2017-05-23,0.18,-0.1,0.64,0.003
2017-05-24,0.24,-0.12,-0.46,0.003
2017-05-25,0.42,-0.27,-0.74,0.003
2017-05-26,0.06,-0.04,0.1,0.003
2017-05-30,-0.19,-0.49,-0.35,0.003
2017-05-31,-0.02,0.04,-0.53,0.003
2017-06-01,0.95,1.0,0.04,0.003
2017-06-02,0.35,0.58,-0.76,0.003
2017-06-05,-0.17,-0.46,-0.03,0.003
2017-06-06,-0.28,0.09,-0.02,0.003
2017-06-07,0.15,-0.17,-0.03,0.003
2017-06-08,0.18,1.14,0.93,0.003
2017-06-09,-0.12,0.04,2.42,0.003
2017-06-12,-0.11,-0.25,0.33,0.003
2017-06-13,0.55,0.08,-0.13,0.003
2017-06-14,-0.17,-0.47,-0.52,0.003
2017-06-15,-0.3,-0.24,-0.11,0.003
2017-06-16,-0.03,-0.23,-0.15,0.003
2017-06-19,0.86,0.12,-0.75,0.003
2017-06-20,-0.73,-0.4,-0.5,0.003
2017-06-21,-0.07,-0.04,-1.68,0.003
2017-06-22,0.02,0.52,-0.41,0.003
2017-06-23,0.24,0.83,-0.48,0.003
2017-06-26,0.04,-0.03,0.7,0.003
2017-06-27,-0.85,-0.39,1.34,0.003
2017-06-28,1.02,0.74,0.22,0.003
2017-06-29,-0.83,-0.13,1.37,0.003
2017-06-30,0.14,-0.09,-0.29,0.003
2017-07-03,0.24,0.36,1.21,0.004
2017-07-05,0.12,-0.68,-0.58,0.004
2017-07-06,-0.95,-0.5,0.12,0.004
2017-07-07,0.7,0.42,-0.41,0.004
2017-07-10,0.05,-0.45,-0.07,0.004
2017-07-11,0.0,0.36,-0.55,0.004
2017-07-12,0.72,0.13,-0.52,0.004
2017-07-13,0.17,-0.08,0.39,0.004
2017-07-14,0.42,-0.13,-0.52,0.004
2017-07-17,0.0,0.21,0.1,0.004
2017-07-18,0.04,-0.29,-0.3,0.004
2017-07-19,0.59,0.52,0.03,0.004
2017-07-20,-0.01,0.05,-0.05,0.004
2017-07-21,-0.08,-0.41,-0.24,0.004
2017-07-24,-0.03,0.1,-0.18,0.004
2017-07-25,0.38,0.36,0.96,0.004
2017-07-26,-0.06,-0.35,-0.76,0.004
2017-07-27,-0.14,-0.64,0.44,0.004
2017-07-28,-0.17,-0.03,0.27,0.004
2017-07-31,-0.11,-0.35,0.46,0.004
2017-08-01,0.24,-0.19,0.14,0.004
2017-08-02,-0.08,-1.17,0.15,0.004
2017-08-03,-0.21,-0.34,-0.33,0.004
2017-08-04,0.25,0.32,0.39,0.004
2017-08-07,0.16,-0.1,-0.58,0.004
2017-08-08,-0.24,-0.07,0.24,0.004
2017-08-09,-0.14,-0.77,-0.07,0.004
2017-08-10,-1.49,-0.3,0.27,0.004
2017-08-11,0.19,0.23,-0.87,0.004
2017-08-14,1.03,0.29,0.12,0.004
2017-08-15,-0.11,-0.86,-0.02,0.004
2017-08-16,0.18,-0.13,-0.44,0.004
2017-08-17,-1.6,-0.17,-0.17,0.004
2017-08-18,-0.15,0.12,0.24,0.004
2017-08-21,0.06,-0.24,-0.22,0.004
2017-08-22,1.06,-0.02,-0.24,0.004
2017-08-23,-0.33,0.09,0.42,0.004
2017-08-24,-0.14,0.59,0.17,0.004
2017-08-25,0.18,0.12,0.55,0.004
2017-08-28,0.08,0.34,-0.74,0.004
2017-08-29,0.1,0.13,-0.38,0.004
2017-08-30,0.53,0.0,-0.32,0.004
2017-08-31,0.62,0.48,-0.43,0.004
2017-09-01,0.27,0.41,0.41,0.005
2017-09-05,-0.81,0.08,-0.98,0.005
2017-09-06,0.28,-0.05,0.12,0.005
2017-09-07,-0.07,0.14,-0.91,0.005
2017-09-08,-0.16,0.03,0.38,0.005
2017-09-11,1.08,-0.11,0.64,0.005
2017-09-12,0.44,0.23,0.72,0.005
2017-09-13,0.11,0.27,0.32,0.005
2017-09-14,-0.12,-0.03,-0.06,0.005
2017-09-15,0.19,0.29,0.14,0.005
2017-09-18,0.24,0.39,0.2,0.005
2017-09-19,0.15,-0.29,0.39,0.005
2017-09-20,0.16,0.22,0.49,0.005
2017-09-21,-0.28,0.1,0.37,0.005
2017-09-22,0.12,0.44,0.12,0.005
2017-09-25,-0.25,0.32,0.59,0.005
2017-09-26,0.05,0.4,0.17,0.005
2017-09-27,0.63,1.39,0.22,0.005
2017-09-28,0.13,0.18,-0.04,0.005
2017-09-29,0.35,-0.13,-0.26,0.005
2017-10-02,0.5,0.85,0.13,0.004
2017-10-03,0.26,-0.03,-0.05,0.004
2017-10-04,0.05,-0.27,-0.45,0.004
2017-10-05,0.55,-0.33,0.38,0.004
2017-10-06,-0.08,-0.06,-0.25,0.004
2017-10-09,-0.22,-0.28,0.0,0.004
2017-10-10,0.24,-0.01,0.43,0.004
2017-10-11,0.16,-0.19,-0.19,0.004
2017-10-12,-0.18,0.04,-0.52,0.004
2017-10-13,0.04,-0.23,0.14,0.004
2017-10-16,0.17,-0.28,0.36,0.004
2017-10-17,0.01,-0.34,-0.31,0.004
2017-10-18,0.14,0.29,0.22,0.004
2017-10-19,0.02,-0.39,0.16,0.004
2017-10-20,0.57,-0.09,0.27,0.004
2017-10-23,-0.45,-0.44,0.18,0.004
2017-10-24,0.2,-0.19,0.5,0.004
2017-10-25,-0.51,0.02,0.15,0.004
2017-10-26,0.2,0.04,0.29,0.004
2017-10-27,0.82,-0.03,-0.98,0.004
2017-10-30,-0.46,-0.81,-0.05,0.004
2017-10-31,0.23,0.84,-0.25,0.004
2017-11-01,0.05,-0.79,0.08,0.004
2017-11-02,0.06,-0.02,0.5,0.004
2017-11-03,0.31,-0.43,-0.72,0.004
2017-11-06,0.06,0.23,0.19,0.004
2017-11-07,-0.2,-1.36,-0.4,0.004
2017-11-08,0.12,0.04,-0.59,0.004
2017-11-09,-0.41,-0.04,0.22,0.004
2017-11-10,0.01,0.07,-0.43,0.004
2017-11-13,0.09,-0.3,0.09,0.004
2017-11-14,-0.22,-0.12,0.01,0.004
2017-11-15,-0.52,-0.04,0.23,0.004
2017-11-16,1.01,0.86,-0.54,0.004
2017-11-17,-0.14,0.75,0.28,0.004
2017-11-20,0.21,0.56,0.02,0.004
2017-11-21,0.67,0.41,-0.33,0.004
2017-11-22,-0.05,0.11,-0.07,0.004
2017-11-24,0.21,0.02,-0.44,0.004
2017-11-27,-0.06,-0.37,0.01,0.004
2017-11-28,1.06,0.39,0.86,0.004
2017-11-29,0.02,0.07,1.49,0.004
2017-11-30,0.82,-0.56,-0.52,0.004
2017-12-01,-0.22,-0.36,0.37,0.004
2017-12-04,-0.1,-0.33,1.23,0.004
2017-12-05,-0.43,-0.46,-0.23,0.004
2017-12-06,-0.09,-0.46,-0.53,0.004
2017-12-07,0.42,0.26,-0.2,0.004
2017-12-08,0.51,-0.46,-0.14,0.004
2017-12-11,0.26,-0.43,-0.18,0.004
2017-12-12,0.07,-0.52,0.5,0.004
2017-12-13,0.02,0.72,-0.89,0.004
2017-12-14,-0.47,-0.7,-0.22,0.004
2017-12-15,0.92,0.68,0.04,0.004
2017-12-18,0.67,0.75,0.27,0.004
2017-12-19,-0.3,-0.36,-0.24,0.004
2017-12-20,0.01,0.35,0.06,0.004
2017-12-21,0.24,0.26,0.63,0.004
2017-12-22,-0.07,-0.21,-0.21,0.004
2017-12-26,-0.07,0.33,-0.07,0.004
2017-12-27,0.05,-0.13,-0.2,0.004
2017-12-28,0.22,0.12,0.05,0.004
2017-12-29,-0.57,-0.31,0.0,0.004
2018-01-02,0.85,0.35,-0.21,0.006
2018-01-03,0.59,-0.39,-0.19,0.006
2018-01-04,0.42,-0.26,0.25,0.006
2018-01-05,0.66,-0.35,-0.25,0.006
2018-01-08,0.19,-0.15,0.04,0.006
2018-01-09,0.15,-0.35,-0.04,0.006
2018-01-10,-0.07,0.06,0.56,0.006
2018-01-11,0.87,1.14,0.3,0.006
2018-01-12,0.66,-0.32,0.16,0.006
2018-01-16,-0.49,-1.02,0.01,0.006
2018-01-17,0.95,-0.03,-0.1,0.006
2018-01-18,-0.18,-0.5,-0.25,0.006
2018-01-19,0.57,0.94,-0.05,0.006
2018-01-22,0.77,-0.34,-0.16,0.006
2018-01-23,0.22,0.14,-0.36,0.006
2018-01-24,-0.13,-0.84,0.44,0.006
2018-01-25,0.07,0.14,-0.54,0.006
2018-01-26,1.11,-0.6,-0.51,0.006
2018-01-29,-0.62,-0.04,-0.28,0.006
2018-01-30,-1.06,0.14,-0.21,0.006
2018-01-31,-0.07,-0.74,0.11,0.006
2018-02-01,0.03,0.08,0.53,0.006
2018-02-02,-2.13,0.04,-0.29,0.006
2018-02-05,-4.03,0.78,-0.58,0.006
2018-02-06,1.67,-0.52,-0.18,0.006
2018-02-07,-0.38,0.52,0.2,0.006
2018-02-08,-3.68,0.81,0.51,0.006
2018-02-09,1.36,-0.58,0.15,0.006
2018-02-12,1.36,-0.47,-0.3,0.006
2018-02-13,0.31,0.08,-0.24,0.006
2018-02-14,1.52,0.26,0.48,0.006
2018-02-15,1.21,-0.14,-0.63,0.006
2018-02-16,0.03,0.36,0.16,0.006
2018-02-20,-0.62,-0.36,-0.24,0.006
2018-02-21,-0.43,0.78,0.23,0.006
2018-02-22,0.01,0.04,-0.41,0.006
2018-02-23,1.54,-0.38,-0.15,0.006
2018-02-26,1.12,-0.51,-0.07,0.006
2018-02-27,-1.25,-0.19,0.03,0.006
2018-02-28,-1.11,-0.42,-0.32,0.006
2018-03-01,-1.19,1.01,-0.02,0.005
2018-03-02,0.7,1.17,-0.49,0.005
2018-03-05,1.06,-0.39,0.23,0.005
2018-03-06,0.36,0.69,0.12,0.005
2018-03-07,0.05,0.78,-0.44,0.005
2018-03-08,0.37,-0.48,-0.36,0.005
2018-03-09,1.7,-0.25,0.28,0.005
2018-03-12,-0.09,0.47,-0.08,0.005
2018-03-13,-0.67,0.08,0.03,0.005
2018-03-14,-0.53,0.23,-0.57,0.005
2018-03-15,-0.18,-0.39,0.31,0.005
2018-03-16,0.25,0.46,0.17,0.005
2018-03-19,-1.38,0.35,0.41,0.005
2018-03-20,0.15,-0.08,-0.36,0.005
2018-03-21,-0.06,0.75,0.44,0.005
2018-03-22,-2.54,0.51,-0.49,0.005
2018-03-23,-2.09,0.21,-0.23,0.005
2018-03-26,2.67,-0.68,0.03,0.005
2018-03-27,-1.87,-0.21,0.37,0.005
2018-03-28,-0.35,0.13,0.64,0.005
2018-03-29,1.41,-0.31,-0.22,0.005
2018-04-02,-2.29,-0.14,0.37,0.007
2018-04-03,1.24,-0.03,0.19,0.007
2018-04-04,1.17,0.33,-0.31,0.007
2018-04-05,0.75,0.03,0.47,0.007
2018-04-06,-2.19,0.39,-0.06,0.007
2018-04-09,0.3,-0.15,-0.52,0.007
2018-04-10,1.77,0.4,-0.12,0.007
2018-04-11,-0.49,0.92,-0.31,0.007
2018-04-12,0.84,-0.23,0.18,0.007
2018-04-13,-0.37,0.03,-0.25,0.007
2018-04-16,0.82,0.08,-0.02,0.007
2018-04-17,1.09,0.16,-1.18,0.007
2018-04-18,0.13,0.21,0.02,0.007
2018-04-19,-0.49,-0.47,1.08,0.007
2018-04-20,-0.81,0.06,0.58,0.007
2018-04-23,-0.05,-0.07,0.19,0.007
2018-04-24,-1.3,0.53,1.02,0.007
2018-04-25,0.1,-0.34,0.06,0.007
2018-04-26,0.96,-0.38,-0.84,0.007
2018-04-27,0.01,-0.26,0.04,0.007
2018-04-30,-0.8,0.03,-0.09,0.007
2018-05-01,0.24,0.23,-0.53,0.006
2018-05-02,-0.63,1.28,-0.36,0.006
2018-05-03,-0.25,-0.52,-0.15,0.006
2018-05-04,1.3,0.02,-0.2,0.006
2018-05-07,0.42,0.42,-0.33,0.006
2018-05-08,0.07,0.5,0.24,0.006
2018-05-09,0.89,-0.23,0.25,0.006
2018-05-10,0.85,-0.43,-0.04,0.006
2018-05-11,0.19,0.12,-0.38,0.006
2018-05-14,0.05,-0.36,0.11,0.006
2018-05-15,-0.55,0.67,0.4,0.006
2018-05-16,0.5,0.71,-0.25,0.006
2018-05-17,0.02,0.9,0.29,0.006
2018-05-18,-0.23,0.57,-0.61,0.006
2018-05-21,0.72,-0.19,0.44,0.006
2018-05-22,-0.42,-0.76,0.61,0.006
2018-05-23,0.29,0.05,-0.7,0.006
2018-05-24,-0.16,0.37,-0.35,0.006
2018-05-25,-0.21,0.25,-0.39,0.006
2018-05-29,-1.04,1.32,-1.03,0.006
2018-05-30,1.31,0.04,0.37,0.006
2018-05-31,-0.7,0.08,-0.42,0.006
2018-06-01,1.06,-0.23,-0.11,0.006
2018-06-04,0.48,0.17,-0.45,0.006
2018-06-05,0.17,0.82,-0.44,0.006
2018-06-06,0.86,-0.33,0.2,0.006
2018-06-07,-0.14,-0.3,0.93,0.006
2018-06-08,0.31,0.08,-0.4,0.006
2018-06-11,0.12,0.17,-0.17,0.006
2018-06-12,0.23,0.23,-0.63,0.006
2018-06-13,-0.33,0.08,-0.2,0.006
2018-06-14,0.27,0.32,-1.0,0.006
2018-06-15,-0.08,0.05,-0.24,0.006
2018-06-18,-0.09,0.72,0.08,0.006
2018-06-19,-0.38,0.57,-0.14,0.006
2018-06-20,0.23,0.73,-0.51,0.006
2018-06-21,-0.73,-0.63,0.33,0.006
2018-06-22,0.11,0.0,0.46,0.006
2018-06-25,-1.48,-0.54,0.57,0.006
2018-06-26,0.27,0.63,-0.24,0.006
2018-06-27,-1.02,-0.99,0.36,0.006
2018-06-28,0.58,-0.18,-0.51,0.006
2018-06-29,0.07,-0.2,-0.24,0.006
2018-07-02,0.36,0.44,-0.25,0.008
2018-07-03,-0.44,0.81,-0.02,0.008
2018-07-05,0.87,0.44,-0.43,0.008
2018-07-06,0.88,0.05,-0.3,0.008
2018-07-09,0.93,-0.41,0.86,0.008
2018-07-10,0.21,-0.78,-0.17,0.008
2018-07-11,-0.69,-0.02,-0.45,0.008
2018-07-12,0.86,-0.35,-1.14,0.008
2018-07-13,0.08,-0.12,-0.29,0.008
2018-07-16,-0.16,-0.77,0.98,0.008
2018-07-17,0.48,0.26,-0.76,0.008
2018-07-18,0.27,-0.28,0.67,0.008
2018-07-19,-0.34,0.96,-0.36,0.008
2018-07-20,-0.1,-0.18,0.12,0.008
2018-07-23,0.15,-0.3,0.55,0.008
2018-07-24,0.22,-1.36,0.39,0.008
2018-07-25,0.83,-0.43,-1.06,0.008
2018-07-26,-0.2,0.64,0.57,0.008
2018-07-27,-0.82,-1.38,1.06,0.008
2018-07-30,-0.7,-0.21,1.56,0.008
2018-07-31,0.51,0.85,-1.11,0.008
2018-08-01,-0.13,0.04,-0.18,0.007
2018-08-02,0.67,0.31,-0.67,0.007
2018-08-03,0.31,-1.07,0.52,0.007
2018-08-06,0.46,0.25,-0.33,0.007
2018-08-07,0.29,0.03,-0.17,0.007
2018-08-08,-0.04,-0.12,0.27,0.007
2018-08-09,-0.05,0.37,-0.35,0.007
2018-08-10,-0.6,0.39,-0.21,0.007
2018-08-13,-0.46,-0.15,-0.3,0.007
2018-08-14,0.69,0.3,0.21,0.007
2018-08-15,-0.91,-0.54,-0.12,0.007
2018-08-16,0.86,-0.07,0.26,0.007
2018-08-17,0.3,0.09,0.02,0.007
2018-08-20,0.25,0.12,0.14,0.007
2018-08-21,0.33,0.9,0.12,0.007
2018-08-22,0.05,0.36,-0.35,0.007
2018-08-23,-0.19,-0.06,-0.33,0.007
2018-08-24,0.62,-0.02,-0.57,0.007
2018-08-27,0.74,-0.67,-0.16,0.007
2018-08-28,-0.01,-0.12,-0.28,0.007
2018-08-29,0.56,-0.05,-0.58,0.007
2018-08-30,-0.41,0.29,-0.42,0.007
2018-08-31,0.08,0.5,-0.39,0.007
2018-09-04,-0.11,-0.37,0.01,0.008
2018-09-05,-0.41,-0.18,0.66,0.008
2018-09-06,-0.44,-0.35,-0.24,0.008
2018-09-07,-0.18,0.1,-0.21,0.008
2018-09-10,0.23,0.12,-0.37,0.008
2018-09-11,0.37,-0.29,-0.24,0.008
2018-09-12,0.03,-0.06,-0.22,0.008
2018-09-13,0.45,-0.44,-0.4,0.008
2018-09-14,0.12,0.27,0.25,0.008
2018-09-17,-0.71,-0.45,0.84,0.008
2018-09-18,0.57,0.05,-0.48,0.008
2018-09-19,0.06,-0.66,1.28,0.008
2018-09-20,0.77,0.31,-0.22,0.008
2018-09-21,-0.13,-0.42,0.3,0.008
2018-09-24,-0.31,0.06,-0.91,0.008
2018-09-25,-0.05,0.27,-0.38,0.008
2018-09-26,-0.4,-0.38,-0.63,0.008
2018-09-27,0.27,-0.26,-0.56,0.008
2018-09-28,-0.03,0.4,-0.2,0.008
2018-10-01,0.16,-1.62,0.34,0.008
2018-10-02,-0.21,-0.98,0.6,0.008
2018-10-03,0.2,0.84,0.5,0.008
2018-10-04,-0.93,-1.06,1.58,0.008
2018-10-05,-0.64,-0.42,0.39,0.008
2018-10-08,-0.17,-0.4,1.22,0.008
2018-10-09,-0.18,-0.29,0.28,0.008
2018-10-10,-3.33,0.3,1.12,0.008
2018-10-11,-1.96,0.45,-0.92,0.008
2018-10-12,1.38,-0.88,-1.74,0.008
2018-10-15,-0.48,0.92,0.51,0.008
2018-10-16,2.24,0.68,-1.43,0.008
2018-10-17,-0.08,-0.68,0.26,0.008
2018-10-18,-1.54,-0.54,0.43,0.008
2018-10-19,-0.25,-1.33,0.72,0.008
2018-10-22,-0.38,0.48,-1.25,0.008
2018-10-23,-0.62,-0.09,-0.42,0.008
2018-10-24,-3.33,-0.93,0.77,0.008
2018-10-25,1.93,0.41,-0.59,0.008
2018-10-26,-1.65,0.58,0.35,0.008
2018-10-29,-0.77,-0.33,1.61,0.008
2018-10-30,1.66,0.42,0.07,0.008
2018-10-31,1.22,-0.66,-0.73,0.008
2018-11-01,1.29,1.35,-1.14,0.008
2018-11-02,-0.53,0.8,0.67,0.008
2018-11-05,0.4,-1.01,1.56,0.008
2018-11-06,0.58,-0.16,0.03,0.008
2018-11-07,2.11,-0.33,-1.06,0.008
2018-11-08,-0.28,-0.25,0.25,0.008
2018-11-09,-1.04,-0.86,0.42,0.008
2018-11-12,-2.06,0.01,0.85,0.008
2018-11-13,-0.13,-0.11,0.16,0.008
2018-11-14,-0.77,0.03,-0.28,0.008
2018-11-15,1.18,0.36,-0.4,0.008
2018-11-16,0.15,0.02,-0.06,0.008
2018-11-19,-1.88,-0.73,2.3,0.008
2018-11-20,-1.85,0.14,-0.54,0.008
2018-11-21,0.51,0.98,-0.34,0.008
2018-11-23,-0.55,0.83,-0.6,0.008
2018-11-26,1.62,-0.66,-0.2,0.008
2018-11-27,0.11,-1.09,0.26,0.008
2018-11-28,2.42,0.45,-1.17,0.008
2018-11-29,-0.22,-0.1,-0.1,0.008
2018-11-30,0.78,-0.33,-0.43,0.008
2018-12-03,1.13,-0.05,-0.81,0.011
2018-12-04,-3.45,-0.96,-0.2,0.011
2018-12-06,-0.16,0.13,-1.05,0.011
2018-12-07,-2.36,0.21,1.33,0.011
2018-12-10,0.1,-0.11,-1.62,0.011
2018-12-11,-0.08,-0.05,-0.42,0.011
2018-12-12,0.68,0.58,-0.18,0.011
2018-12-13,-0.26,-1.51,-0.19,0.011
2018-12-14,-1.89,-0.07,0.5,0.011
2018-12-17,-2.13,-0.26,1.08,0.011
2018-12-18,-0.03,0.02,-0.61,0.011
2018-12-19,-1.58,-0.62,0.03,0.011
2018-12-20,-1.62,-0.29,0.97,0.011
2018-12-21,-2.17,-0.55,0.76,0.011
2018-12-24,-2.55,1.0,-0.49,0.011
2018-12-26,5.06,-0.05,-1.01,0.011
2018-12-27,0.78,-0.67,-0.13,0.011
2018-12-28,-0.03,0.77,0.26,0.011
2018-12-31,0.9,-0.1,-0.45,0.011
2019-01-02,0.23,0.59,1.12,0.01
2019-01-03,-2.45,0.36,1.19,0.01
2019-01-04,3.55,0.41,-0.7,0.01
2019-01-07,0.94,1.0,-0.75,0.01
2019-01-08,1.01,0.52,-0.63,0.01
2019-01-09,0.56,0.46,0.1,0.01
2019-01-10,0.42,0.03,-0.46,0.01
2019-01-11,-0.01,0.12,0.22,0.01
2019-01-14,-0.6,-0.59,0.94,0.01
2019-01-15,1.06,0.0,-0.88,0.01
2019-01-16,0.28,0.04,0.92,0.01
2019-01-17,0.75,0.11,-0.24,0.01
2019-01-18,1.29,-0.36,0.12,0.01
2019-01-22,-1.53,-0.4,0.33,0.01
2019-01-23,0.15,-0.39,-0.14,0.01
2019-01-24,0.23,0.44,0.0,0.01
2019-01-25,0.9,0.46,-0.35,0.01
2019-01-28,-0.8,-0.16,0.63,0.01
2019-01-29,-0.19,-0.01,0.17,0.01
2019-01-30,1.51,-0.15,-0.94,0.01
2019-01-31,0.92,0.12,-1.08,0.01
2019-02-01,0.14,-0.14,0.43,0.01
2019-02-04,0.72,0.49,-0.46,0.01
2019-02-05,0.43,-0.08,-0.6,0.01
2019-02-06,-0.22,-0.02,0.07,0.01
2019-02-07,-0.93,-0.14,0.4,0.01
2019-02-08,0.09,0.05,-0.68,0.01
2019-02-11,0.14,0.66,0.22,0.01
2019-02-12,1.36,0.02,-0.17,0.01
2019-02-13,0.28,0.07,0.07,0.01
2019-02-14,-0.21,0.52,-0.58,0.01
2019-02-15,1.13,0.25,0.47,0.01
2019-02-19,0.19,0.3,0.3,0.01
2019-02-20,0.19,0.21,0.55,0.01
2019-02-21,-0.37,-0.07,-0.22,0.01
2019-02-22,0.65,0.55,-1.47,0.01
2019-02-25,0.15,-0.26,-0.18,0.01
2019-02-26,-0.16,-0.63,-0.33,0.01
2019-02-27,0.09,0.19,-0.12,0.01
2019-02-28,-0.31,0.01,-0.24,0.01
2019-03-01,0.72,0.29,-0.41,0.009
2019-03-04,-0.52,-0.4,0.38,0.009
2019-03-05,-0.17,-0.31,-0.23,0.009
2019-03-06,-0.84,-1.27,0.05,0.009
2019-03-07,-0.82,-0.07,-0.33,0.009
2019-03-08,-0.22,0.05,-0.15,0.009
2019-03-11,1.49,0.36,-0.52,0.009
2019-03-12,0.25,-0.27,-0.08,0.009
2019-03-13,0.68,-0.31,0.07,0.009
2019-03-14,-0.1,-0.4,0.3,0.009
2019-03-15,0.48,-0.25,-0.24,0.009
2019-03-18,0.46,0.16,0.44,0.009
2019-03-19,-0.09,-0.38,-0.91,0.009
2019-03-20,-0.39,0.02,-1.04,0.009
2019-03-21,1.11,0.3,-1.23,0.009
2019-03-22,-2.17,-1.52,-0.06,0.009
2019-03-25,-0.05,0.66,-0.27,0.009
2019-03-26,0.76,0.17,0.46,0.009
2019-03-27,-0.5,0.1,0.49,0.009
2019-03-28,0.4,0.34,0.02,0.009
2019-03-29,0.66,-0.22,-0.92,0.009
2019-04-01,1.19,-0.3,0.99,0.01
2019-04-02,-0.05,-0.13,-0.44,0.01
2019-04-03,0.27,0.22,-0.39,0.01
2019-04-04,0.19,0.21,0.92,0.01
2019-04-05,0.52,0.53,-0.08,0.01
2019-04-08,0.08,-0.29,0.1,0.01
2019-04-09,-0.65,-0.57,-0.14,0.01
2019-04-10,0.48,0.97,-0.1,0.01
2019-04-11,0.0,-0.31,0.41,0.01
2019-04-12,0.65,-0.5,0.64,0.01
2019-04-15,-0.09,-0.22,-0.54,0.01
2019-04-16,0.13,0.12,0.7,0.01
2019-04-17,-0.32,-0.7,0.83,0.01
2019-04-18,0.11,-0.25,-0.51,0.01
2019-04-22,0.11,-0.46,-0.55,0.01
2019-04-23,0.97,0.72,-0.48,0.01
2019-04-24,-0.23,0.27,-0.08,0.01
2019-04-25,-0.14,-0.75,-0.19,0.01
2019-04-26,0.53,0.43,0.07,0.01
2019-04-29,0.18,0.08,0.64,0.01
2019-04-30,-0.04,-0.7,0.28,0.01
2019-05-01,-0.83,-0.1,-0.02,0.009
2019-05-02,-0.16,0.45,-0.27,0.009
2019-05-03,1.13,0.94,-0.27,0.009
2019-05-06,-0.39,0.6,-0.42,0.009
2019-05-07,-1.69,-0.28,0.5,0.009
2019-05-08,-0.22,-0.15,-0.32,0.009
2019-05-09,-0.28,0.08,0.12,0.009
2019-05-10,0.35,-0.37,0.08,0.009
2019-05-13,-2.67,-0.73,0.29,0.009
2019-05-14,0.93,0.4,-0.02,0.009
2019-05-15,0.58,0.05,-0.95,0.009
2019-05-16,0.91,-0.4,-0.32,0.009
2019-05-17,-0.73,-0.8,0.29,0.009
2019-05-20,-0.65,-0.23,0.72,0.009
2019-05-21,0.9,0.43,-0.35,0.009
2019-05-22,-0.4,-0.52,-0.59,0.009
2019-05-23,-1.37,-0.69,-0.27,0.009
2019-05-24,0.23,0.5,0.31,0.009
2019-05-28,-0.78,0.29,-0.63,0.009
2019-05-29,-0.71,-0.29,0.42,0.009
2019-05-30,0.14,-0.28,-0.77,0.009
2019-05-31,-1.37,-0.22,-0.09,0.009
2019-06-03,-0.4,0.35,1.65,0.009
2019-06-04,2.33,0.42,-0.02,0.009
2019-06-05,0.7,-0.98,-0.97,0.009
2019-06-06,0.55,-1.04,0.01,0.009
2019-06-07,1.04,0.05,-1.2,0.009
2019-06-10,0.53,-0.04,0.08,0.009
2019-06-11,-0.12,-0.25,0.55,0.009
2019-06-12,-0.2,0.41,-0.98,0.009
2019-06-13,0.52,0.67,-0.04,0.009
2019-06-14,-0.27,-0.79,0.31,0.009
2019-06-17,0.15,0.63,-1.12,0.009
2019-06-18,1.04,0.16,0.33,0.009
2019-06-19,0.32,0.11,-0.6,0.009
2019-06-20,0.89,-0.36,-0.23,0.009
2019-06-21,-0.21,-0.47,-0.04,0.009
2019-06-24,-0.34,-0.89,0.08,0.009
2019-06-25,-0.98,0.34,0.71,0.009
2019-06-26,-0.06,-0.05,0.25,0.009
2019-06-27,0.6,1.42,-0.09,0.009
2019-06-28,0.68,0.64,0.61,0.009
2019-07-01,0.75,-0.54,-0.13,0.009
2019-07-02,0.14,-0.79,-0.81,0.009
2019-07-03,0.78,-0.04,-0.33,0.009
2019-07-05,-0.1,0.16,0.91,0.009
2019-07-08,-0.58,-0.45,0.05,0.009
2019-07-09,0.18,-0.15,-0.43,0.009
2019-07-10,0.4,-0.15,-0.36,0.009
2019-07-11,0.19,-0.79,0.04,0.009
2019-07-12,0.53,0.18,0.41,0.009
2019-07-15,-0.04,-0.34,-1.07,0.009
2019-07-16,-0.32,0.35,0.1,0.009
2019-07-17,-0.64,-0.15,-0.65,0.009
2019-07-18,0.35,-0.29,0.02,0.009
2019-07-19,-0.56,0.15,0.86,0.009
2019-07-22,0.25,-0.44,-0.49,0.009
2019-07-23,0.65,-0.23,0.81,0.009
2019-07-24,0.66,0.74,0.85,0.009
2019-07-25,-0.63,-0.66,-0.12,0.009
2019-07-26,0.82,0.39,-0.19,0.009
2019-07-29,-0.32,-0.34,-0.46,0.009
2019-07-30,-0.17,1.36,0.89,0.009
2019-07-31,-1.09,0.12,0.61,0.009
2019-08-01,-1.04,-0.42,-1.9,0.007
2019-08-02,-0.87,-0.31,0.07,0.007
2019-08-05,-3.07,-0.01,0.0,0.007
2019-08-06,1.29,-0.42,-0.59,0.007
2019-08-07,0.07,0.08,-0.9,0.007
2019-08-08,1.97,0.04,-0.23,0.007
2019-08-09,-0.78,-0.42,-0.23,0.007
2019-08-12,-1.32,0.28,-0.27,0.007
2019-08-13,1.47,-0.17,-0.54,0.007
2019-08-14,-2.95,0.22,-0.51,0.007
2019-08-15,0.16,-0.61,-0.52,0.007
2019-08-16,1.55,0.52,0.61,0.007
2019-08-19,1.14,0.01,0.22,0.007
2019-08-20,-0.75,0.3,-0.5,0.007
2019-08-21,0.85,0.05,-0.3,0.007
2019-08-22,-0.1,-0.53,0.49,0.007
2019-08-23,-2.66,-0.55,-0.18,0.007
2019-08-26,1.08,-0.02,-0.17,0.007
2019-08-27,-0.46,-0.88,-0.67,0.007
2019-08-28,0.68,0.46,0.62,0.007
2019-08-29,1.35,0.31,0.34,0.007
2019-08-30,0.03,-0.38,0.23,0.007
2019-09-03,-0.86,-0.95,0.1,0.009
2019-09-04,1.08,-0.22,0.43,0.009
2019-09-05,1.42,0.4,0.7,0.009
2019-09-06,-0.02,-0.39,0.04,0.009
2019-09-09,0.07,0.74,3.06,0.009
2019-09-10,0.17,1.06,1.13,0.009
2019-09-11,0.88,1.33,-0.04,0.009
2019-09-12,0.22,-0.3,-0.13,0.009
2019-09-13,-0.01,0.01,0.74,0.009
2019-09-16,-0.23,0.9,0.53,0.009
2019-09-17,0.17,-0.59,-1.19,0.009
2019-09-18,-0.05,-0.76,0.06,0.009
2019-09-19,-0.05,-0.43,-0.46,0.009
2019-09-20,-0.48,0.29,0.15,0.009
2019-09-23,-0.02,-0.17,0.51,0.009
2019-09-24,-1.01,-0.73,0.0,0.009
2019-09-25,0.69,0.36,0.52,0.009
2019-09-26,-0.41,-0.96,0.12,0.009
2019-09-27,-0.62,-0.34,0.88,0.009
2019-09-30,0.5,-0.17,-0.48,0.009
2019-10-01,-1.31,-0.46,-0.58,0.007
2019-10-02,-1.73,0.9,-0.36,0.007
2019-10-03,0.8,-0.22,-0.89,0.007
2019-10-04,1.39,-0.47,-0.07,0.007
2019-10-07,-0.41,0.16,-0.02,0.007
2019-10-08,-1.61,-0.13,-0.12,0.007
2019-10-09,0.92,-0.55,-0.09,0.007
2019-10-10,0.59,-0.4,0.26,0.007
2019-10-11,1.23,0.47,0.19,0.007
2019-10-14,-0.18,-0.34,-0.04,0.007
2019-10-15,1.03,0.25,-0.25,0.007
2019-10-16,-0.24,0.4,0.23,0.007
2019-10-17,0.37,0.81,-0.28,0.007
2019-10-18,-0.49,-0.35,0.87,0.007
2019-10-21,0.71,0.16,0.35,0.007
2019-10-22,-0.34,0.22,0.86,0.007
2019-10-23,0.25,-0.09,0.27,0.007
2019-10-24,0.25,-0.26,-0.89,0.007
2019-10-25,0.51,0.27,0.08,0.007
2019-10-28,0.62,0.27,-0.25,0.007
2019-10-29,-0.13,0.3,0.5,0.007
2019-10-30,0.27,-0.36,-1.17,0.007
2019-10-31,-0.38,-0.26,-0.43,0.007
2019-11-01,1.08,0.48,0.83,0.006
2019-11-04,0.4,0.01,1.36,0.006
2019-11-05,-0.03,0.24,0.44,0.006
2019-11-06,-0.05,-0.72,0.23,0.006
2019-11-07,0.38,-0.14,0.51,0.006
2019-11-08,0.31,0.06,-0.36,0.006
2019-11-11,-0.19,0.0,-0.19,0.006
2019-11-12,0.16,-0.12,-0.15,0.006
2019-11-13,0.01,-0.22,-0.82,0.006
2019-11-14,0.07,-0.11,-0.25,0.006
2019-11-15,0.74,-0.25,-0.33,0.006
2019-11-18,0.02,-0.35,-0.51,0.006
2019-11-19,0.02,0.58,-0.95,0.006
2019-11-20,-0.33,0.0,-0.45,0.006
2019-11-21,-0.14,-0.35,0.11,0.006
2019-11-22,0.24,0.06,0.22,0.006
2019-11-25,0.92,1.32,-0.38,0.006
2019-11-26,0.19,0.06,-0.9,0.006
2019-11-27,0.44,0.23,-0.02,0.006
2019-11-29,-0.42,-0.04,-0.31,0.006
2019-12-02,-0.87,-0.25,0.48,0.007
2019-12-03,-0.66,0.6,-0.83,0.007
2019-12-04,0.6,0.13,0.25,0.007
2019-12-05,0.13,-0.21,0.46,0.007
2019-12-06,0.91,0.24,0.37,0.007
2019-12-09,-0.33,0.37,0.12,0.007
2019-12-10,-0.08,0.31,-0.09,0.007
2019-12-11,0.28,-0.07,0.13,0.007
2019-12-12,0.9,-0.14,1.14,0.007
2019-12-13,-0.03,-0.27,-0.54,0.007
2019-12-16,0.74,0.02,-0.04,0.007
2019-12-17,0.1,0.41,0.67,0.007
2019-12-18,-0.05,0.2,0.09,0.007
2019-12-19,0.43,-0.02,-0.42,0.007
2019-12-20,0.48,-0.3,-0.31,0.007
2019-12-23,0.1,0.2,-0.34,0.007
2019-12-24,0.01,0.39,-0.01,0.007
2019-12-26,0.48,-0.54,0.0,0.007
2019-12-27,-0.1,-0.53,-0.07,0.007
2019-12-30,-0.57,0.19,0.56,0.007
2019-12-31,0.28,-0.01,0.11,0.007
2020-01-02,0.86,-0.88,-0.34,0.006
2020-01-03,-0.67,0.38,0.01,0.006
2020-01-06,0.36,-0.07,-0.55,0.006
2020-01-07,-0.19,-0.01,-0.25,0.006
2020-01-08,0.47,-0.06,-0.64,0.006
2020-01-09,0.65,-0.64,-0.49,0.006
2020-01-10,-0.34,-0.19,-0.33,0.006
2020-01-13,0.73,-0.11,-0.08,0.006
2020-01-14,-0.06,0.39,-0.18,0.006
2020-01-15,0.16,0.47,-0.81,0.006
2020-01-16,0.88,0.52,-0.11,0.006
2020-01-17,0.28,-0.64,-0.13,0.006
2020-01-21,-0.32,-0.51,-0.61,0.006
2020-01-22,0.08,-0.26,0.01,0.006
2020-01-23,0.08,-0.05,-0.13,0.006
2020-01-24,-0.97,-0.44,-0.29,0.006
2020-01-27,-1.56,0.37,-0.41,0.006
2020-01-28,1.02,-0.12,-0.42,0.006
2020-01-29,-0.1,-0.24,-0.97,0.006
2020-01-30,0.34,-0.68,0.68,0.006
2020-01-31,-1.74,-0.42,-0.35,0.006
2020-02-03,0.84,0.62,-0.68,0.006
2020-02-04,1.57,-0.05,-0.68,0.006
2020-02-05,0.97,0.31,1.46,0.006
2020-02-06,0.27,-0.44,-0.83,0.006
2020-02-07,-0.55,-0.79,-0.03,0.006
2020-02-10,0.73,0.0,-0.88,0.006
2020-02-11,0.28,0.05,1.04,0.006
2020-02-12,0.66,0.15,-0.35,0.006
2020-02-13,-0.09,0.2,0.0,0.006
2020-02-14,0.15,-0.38,-0.66,0.006
2020-02-18,-0.19,0.16,-0.64,0.006
2020-02-19,0.6,0.18,0.03,0.006
2020-02-20,-0.35,0.49,0.66,0.006
2020-02-21,-1.12,-0.11,0.02,0.006
2020-02-24,-3.39,0.18,0.01,0.006
2020-02-25,-3.09,-0.1,-0.68,0.006
2020-02-26,-0.52,-0.38,-1.2,0.006
2020-02-27,-4.22,0.78,0.05,0.006
2020-02-28,-0.78,0.3,-0.8,0.006
2020-03-02,4.31,-1.69,-0.43,0.006
2020-03-03,-2.79,0.8,-0.63,0.006
2020-03-04,4.03,-1.08,-1.17,0.006
2020-03-05,-3.38,0.24,-1.4,0.006
2020-03-06,-1.78,0.06,-1.49,0.006
2020-03-09,-7.78,-0.38,-4.76,0.006
2020-03-10,4.74,-2.49,0.79,0.006
2020-03-11,-5.05,-0.84,-0.82,0.006
2020-03-12,-9.63,-0.44,-1.17,0.006
2020-03-13,8.96,-2.72,2.99,0.006
2020-03-16,-12.0,-0.26,-0.75,0.006
2020-03-17,5.88,0.84,-0.68,0.006
2020-03-18,-5.56,-3.57,-4.7,0.006
2020-03-19,1.31,5.48,0.85,0.006
2020-03-20,-4.15,0.35,-0.88,0.006
2020-03-23,-2.55,2.23,-3.29,0.006
2020-03-24,9.34,-1.26,2.39,0.006
2020-03-25,1.18,-0.73,1.93,0.006
2020-03-26,6.02,-0.72,1.09,0.006
2020-03-27,-3.48,-0.83,-0.76,0.006
2020-03-30,3.16,-0.3,-2.11,0.006
2020-03-31,-1.44,1.8,-0.39,0.006
2020-04-01,-4.51,-1.5,-1.42,0.0
2020-04-02,2.1,-0.98,-0.27,0.0
2020-04-03,-1.64,-1.09,-1.14,0.0
2020-04-06,7.06,0.76,0.3,0.0
2020-04-07,-0.11,-0.58,2.09,0.0
2020-04-08,3.4,0.31,1.29,0.0
2020-04-09,1.59,1.92,3.16,0.0
2020-04-13,-0.92,-0.84,-2.41,0.0
2020-04-14,3.02,-0.18,-3.13,0.0
2020-04-15,-2.15,-1.23,-2.54,0.0
2020-04-16,0.62,-0.21,-2.97,0.0
2020-04-17,2.72,0.73,2.76,0.0
2020-04-20,-1.56,0.77,-0.91,0.0
2020-04-21,-3.08,0.93,0.16,0.0
2020-04-22,2.31,-0.69,-1.64,0.0
2020-04-23,0.13,1.11,0.55,0.0
2020-04-24,1.44,0.26,-0.13,0.0
2020-04-27,1.73,1.61,2.7,0.0
2020-04-28,-0.45,0.99,2.85,0.0
2020-04-29,2.92,1.88,2.0,0.0
2020-04-30,-1.18,-1.43,-1.68,0.0
2020-05-01,-2.91,-0.56,-0.97,0.0
2020-05-04,0.54,0.2,-1.28,0.0
2020-05-05,0.95,0.04,-2.01,0.0
2020-05-06,-0.52,0.53,-2.71,0.0
2020-05-07,1.33,-0.06,0.4,0.0
2020-05-08,1.9,1.39,2.46,0.0
2020-05-11,0.07,0.47,-3.78,0.0
2020-05-12,-2.06,-0.84,-1.35,0.0
2020-05-13,-1.89,-0.9,-2.09,0.0
2020-05-14,1.14,-1.52,0.92,0.0
2020-05-15,0.57,1.61,-1.16,0.0
2020-05-18,3.24,1.57,4.61,0.0
2020-05-19,-1.01,-0.54,-1.5,0.0
2020-05-20,1.8,1.09,1.31,0.0
2020-05-21,-0.7,0.63,0.41,0.0
2020-05-22,0.27,0.47,-0.86,0.0
2020-05-26,1.23,0.1,4.56,0.0
2020-05-27,1.54,0.65,3.61,0.0
2020-05-28,-0.41,-1.53,-2.43,0.0
2020-05-29,0.6,-0.29,-1.97,0.0
2020-06-01,0.52,-0.04,0.42,0.0
2020-06-02,0.81,-0.09,0.54,0.0
2020-06-03,1.42,0.16,2.63,0.0
2020-06-04,-0.34,-0.22,2.89,0.0
2020-06-05,2.5,0.67,2.77,0.0
2020-06-08,1.39,0.37,2.09,0.0
2020-06-09,-0.85,-0.25,-1.93,0.0
2020-06-10,-0.56,-0.86,-4.1,0.0
2020-06-11,-5.91,-0.82,-3.04,0.0
2020-06-12,1.29,0.31,1.83,0.0
2020-06-15,1.09,1.46,-0.39,0.0
2020-06-16,1.87,0.6,0.49,0.0
2020-06-17,-0.4,-0.9,-1.98,0.0
2020-06-18,0.19,0.1,-0.53,0.0
2020-06-19,-0.45,0.09,-0.65,0.0
2020-06-22,0.71,0.84,-1.36,0.0
2020-06-23,0.42,0.16,-0.6,0.0
2020-06-24,-2.61,-0.45,-1.36,0.0
2020-06-25,1.12,0.24,0.51,0.0
2020-06-26,-2.44,0.12,-1.4,0.0
2020-06-29,1.51,1.25,1.84,0.0
2020-06-30,1.58,0.08,0.01,0.0
2020-07-01,0.41,-1.28,-2.58,0.001
2020-07-02,0.5,-0.02,-0.13,0.001
2020-07-06,1.65,-0.62,0.34,0.001
2020-07-07,-1.03,-0.5,-1.5,0.001
2020-07-08,0.91,0.3,-0.46,0.001
2020-07-09,-0.53,-0.93,-2.61,0.001
2020-07-10,1.11,-0.07,3.07,0.001
2020-07-13,-1.2,-0.77,2.04,0.001
2020-07-14,1.35,0.43,-0.29,0.001
2020-07-15,1.14,2.42,1.25,0.001
2020-07-16,-0.37,-0.35,0.8,0.001
2020-07-17,0.3,0.18,-1.43,0.001
2020-07-20,1.01,-0.45,-2.37,0.001
2020-07-21,0.15,0.84,3.27,0.001
2020-07-22,0.49,-0.62,-0.37,0.001
2020-07-23,-1.2,0.72,1.97,0.001
2020-07-24,-0.75,-0.82,0.44,0.001
2020-07-27,0.88,0.76,-1.99,0.001
2020-07-28,-0.81,-0.71,1.0,0.001
2020-07-29,1.35,0.48,0.89,0.001
2020-07-30,-0.29,0.49,-1.84,0.001
2020-07-31,0.61,-1.6,-0.66,0.001
2020-08-03,0.98,1.22,-0.84,0.0
2020-08-04,0.37,0.46,0.04,0.0
2020-08-05,0.78,1.03,0.83,0.0
2020-08-06,0.53,-0.42,-0.83,0.0
2020-08-07,0.02,0.91,2.4,0.0
2020-08-10,0.24,0.88,1.73,0.0
2020-08-11,-0.83,-0.33,1.64,0.0
2020-08-12,1.4,-0.51,-1.34,0.0
2020-08-13,-0.01,0.18,-1.33,0.0
2020-08-14,-0.04,-0.09,1.08,0.0
2020-08-17,0.45,0.59,-1.93,0.0
2020-08-18,0.22,-1.06,-1.43,0.0
2020-08-19,-0.38,0.47,0.1,0.0
2020-08-20,0.31,-0.52,-1.55,0.0
2020-08-21,0.26,-1.09,-0.43,0.0
2020-08-24,0.92,-0.37,2.59,0.0
2020-08-25,0.36,0.15,-0.65,0.0
2020-08-26,1.0,-1.17,-1.74,0.0
2020-08-27,0.18,-0.34,0.95,0.0
2020-08-28,0.7,0.26,-0.23,0.0
2020-08-31,-0.04,-0.42,-1.76,0.0
2020-09-01,0.92,0.44,-0.3,0.0
2020-09-02,1.27,-0.5,-0.45,0.0
2020-09-03,-3.7,-0.23,2.6,0.0
2020-09-04,-0.87,-0.17,2.06,0.0
2020-09-08,-2.91,0.66,-0.28,0.0
2020-09-09,2.07,-0.17,-2.0,0.0
2020-09-10,-1.64,0.3,-0.07,0.0
2020-09-11,-0.06,-0.84,0.89,0.0
2020-09-14,1.59,1.19,-0.8,0.0
2020-09-15,0.57,-0.27,-1.43,0.0
2020-09-16,-0.39,0.76,1.31,0.0
2020-09-17,-0.85,0.36,0.2,0.0
2020-09-18,-0.88,0.79,-0.21,0.0
2020-09-21,-1.08,-2.03,-1.89,0.0
2020-09-22,1.02,-0.14,-1.63,0.0
2020-09-23,-2.48,-0.71,0.16,0.0
2020-09-24,0.25,-0.21,0.38,0.0
2020-09-25,1.72,0.14,-1.34,0.0
2020-09-28,1.66,0.73,1.05,0.0
2020-09-29,-0.42,0.76,-1.33,0.0
2020-09-30,0.79,-0.73,0.16,0.0
2020-10-01,0.79,1.04,-0.54,0.0
2020-10-02,-0.96,1.08,2.44,0.0
2020-10-05,1.93,1.02,-0.1,0.0
2020-10-06,-1.28,0.74,0.26,0.0
2020-10-07,1.84,0.53,0.22,0.0
2020-10-08,0.8,0.03,0.99,0.0
2020-10-09,0.93,0.01,-1.41,0.0
2020-10-12,1.53,-0.83,-0.09,0.0
2020-10-13,-0.41,0.18,-1.72,0.0
2020-10-14,-0.65,0.09,0.03,0.0
2020-10-15,-0.08,0.89,1.14,0.0
2020-10-16,-0.06,-0.18,0.06,0.0
2020-10-19,-1.53,0.35,0.3,0.0
2020-10-20,0.34,-0.24,1.26,0.0
2020-10-21,-0.36,-0.47,0.41,0.0
2020-10-22,0.67,0.61,1.03,0.0
2020-10-23,0.38,0.42,0.04,0.0
2020-10-26,-1.85,-0.28,-0.39,0.0
2020-10-27,-0.23,-0.07,-2.33,0.0
2020-10-28,-3.41,0.01,0.58,0.0
2020-10-29,1.13,0.17,0.27,0.0
2020-10-30,-1.45,-0.8,1.86,0.0
2020-11-02,1.17,0.53,0.99,0.0
2020-11-03,1.93,1.0,-0.2,0.0
2020-11-04,2.25,-1.49,-5.0,0.0
2020-11-05,2.13,1.0,0.52,0.0
2020-11-06,0.01,-0.86,-0.93,0.0
2020-11-09,0.86,0.8,6.74,0.0
2020-11-10,-0.17,1.56,2.16,0.0
2020-11-11,0.88,-0.57,-1.75,0.0
2020-11-12,-0.94,-0.23,-1.18,0.0
2020-11-13,1.31,0.61,1.14,0.0
2020-11-16,1.22,0.78,2.0,0.0
2020-11-17,-0.19,0.61,0.0,0.0
2020-11-18,-0.93,-0.03,0.02,0.0
2020-11-19,0.59,0.47,-0.76,0.0
2020-11-20,-0.51,0.68,-0.6,0.0
2020-11-23,0.83,0.87,1.57,0.0
2020-11-24,1.56,-0.11,2.76,0.0
2020-11-25,0.03,0.0,-1.33,0.0
2020-11-27,0.43,0.47,-1.62,0.0
2020-11-30,-0.53,-0.99,-2.07,0.0
2020-12-01,0.98,-0.26,0.54,0.0
2020-12-02,0.11,-0.09,1.07,0.0
2020-12-03,0.18,0.49,-0.09,0.0
2020-12-04,1.02,1.47,0.84,0.0
2020-12-07,0.03,0.24,-1.02,0.0
2020-12-08,0.47,1.02,-0.71,0.0
2020-12-09,-1.03,-0.06,1.28,0.0
2020-12-10,0.24,1.12,-0.47,0.0
2020-12-11,-0.2,-0.38,-0.71,0.0
2020-12-14,-0.28,0.58,-1.52,0.0
2020-12-15,1.28,1.08,0.36,0.0
2020-12-16,0.17,-0.43,-0.38,0.0
2020-12-17,0.79,0.69,-0.71,0.0
2020-12-18,-0.12,0.07,-1.17,0.0
2020-12-21,-0.23,0.13,-0.05,0.0
2020-12-22,0.06,1.21,-1.61,0.0
2020-12-23,0.1,0.38,2.03,0.0
2020-12-24,0.21,-0.41,-0.19,0.0
2020-12-28,0.46,-0.73,0.36,0.0
2020-12-29,-0.4,-1.53,0.24,0.0
2020-12-30,0.27,1.01,0.03,0.0
2020-12-31,0.39,-0.89,0.41,0.0
2021-01-04,-1.41,0.22,0.58,0.0
2021-01-05,0.86,1.23,0.48,0.0
2021-01-06,0.79,2.14,3.93,0.0
2021-01-07,1.76,0.33,-0.83,0.0
2021-01-08,0.51,-0.75,-1.38,0.0
2021-01-11,-0.51,0.26,1.26,0.0
2021-01-12,0.38,1.29,1.21,0.0
2021-01-13,0.07,-0.93,-0.45,0.0
2021-01-14,-0.11,2.03,1.11,0.0
2021-01-15,-0.86,-0.49,-0.76,0.0
2021-01-19,0.92,0.88,-0.8,0.0
2021-01-20,1.26,-0.39,-1.08,0.0
2021-01-21,-0.04,-0.55,-0.94,0.0
2021-01-22,-0.07,1.87,-0.12,0.0
2021-01-25,0.29,-0.05,-0.41,0.0
2021-01-26,-0.32,0.02,0.01,0.0
2021-01-27,-2.53,1.33,1.55,0.0
2021-01-28,0.92,-1.94,-0.91,0.0
2021-01-29,-1.84,0.59,0.58,0.0
2021-02-01,1.73,0.93,-1.47,0.0
2021-02-02,1.48,-0.85,-1.08,0.0
2021-02-03,0.15,0.43,0.7,0.0
2021-02-04,1.23,0.38,0.37,0.0
2021-02-05,0.58,1.07,-0.47,0.0
2021-02-08,0.96,2.11,0.39,0.0
2021-02-09,0.05,0.71,-0.17,0.0
2021-02-10,-0.08,-0.48,0.64,0.0
2021-02-11,0.19,-0.22,-0.43,0.0
2021-02-12,0.49,-0.14,0.49,0.0
2021-02-16,-0.14,-0.61,1.88,0.0
2021-02-17,-0.21,-0.85,0.61,0.0
2021-02-18,-0.63,-1.55,-0.19,0.0
2021-02-19,0.16,1.79,0.71,0.0
2021-02-22,-1.13,-0.05,3.16,0.0
2021-02-23,-0.15,-1.27,0.9,0.0
2021-02-24,1.15,1.21,1.4,0.0
2021-02-25,-2.74,-1.14,0.92,0.0
2021-02-26,-0.28,0.66,-1.57,0.0
2021-03-01,2.63,1.09,0.23,0.0
2021-03-02,-1.05,-1.09,1.24,0.0
2021-03-03,-1.57,-0.19,3.57,0.0
2021-03-04,-1.7,-1.36,1.71,0.0
2021-03-05,1.85,0.21,0.62,0.0
2021-03-08,-0.67,0.61,3.7,0.0
2021-03-09,1.79,1.29,-3.24,0.0
2021-03-10,0.68,0.77,1.82,0.0
2021-03-11,1.44,1.6,-2.02,0.0
2021-03-12,0.1,0.13,1.3,0.0
2021-03-15,0.7,-0.11,-1.29,0.0
2021-03-16,-0.43,-1.11,-0.83,0.0
2021-03-17,0.33,0.47,0.33,0.0
2021-03-18,-1.88,-1.75,2.18,0.0
2021-03-19,0.25,1.26,-0.99,0.0
2021-03-22,0.55,-1.2,-2.21,0.0
2021-03-23,-1.17,-2.71,-1.04,0.0
2021-03-24,-1.01,-1.97,1.47,0.0
2021-03-25,0.67,1.68,1.39,0.0
2021-03-26,1.55,0.18,0.69,0.0
2021-03-29,-0.49,-2.4,-0.23,0.0
2021-03-30,-0.02,1.54,1.0,0.0
2021-03-31,0.63,1.11,-2.33,0.0
2021-04-01,1.27,0.29,0.0,0.0
2021-04-05,1.27,-0.59,-0.71,0.0
2021-04-06,0.01,-0.32,0.1,0.0
2021-04-07,-0.12,-1.61,0.32,0.0
2021-04-08,0.62,0.59,-1.16,0.0
2021-04-09,0.65,-0.64,0.14,0.0
2021-04-12,-0.05,-0.62,0.58,0.0
2021-04-13,0.41,-0.28,-1.61,0.0
2021-04-14,-0.35,0.79,1.41,0.0
2021-04-15,1.04,-0.44,-1.19,0.0
2021-04-16,0.27,-0.36,0.65,0.0
2021-04-19,-0.73,-0.77,0.79,0.0
2021-04-20,-0.94,-1.18,-1.56,0.0
2021-04-21,1.11,1.39,0.1,0.0
2021-04-22,-0.77,0.65,-0.76,0.0
2021-04-23,1.26,0.75,0.7,0.0
2021-04-26,0.43,0.87,-0.5,0.0
2021-04-27,-0.03,-0.16,0.84,0.0
2021-04-28,-0.06,0.2,0.19,0.0
2021-04-29,0.39,-1.14,1.09,0.0
2021-04-30,-0.83,-0.43,-0.32,0.0
2021-05-03,0.17,0.43,1.7,0.0
2021-05-04,-0.89,-0.75,2.0,0.0
2021-05-05,-0.06,-0.46,1.34,0.0
2021-05-06,0.48,-0.83,1.2,0.0
2021-05-07,0.84,0.43,-0.09,0.0
2021-05-10,-1.36,-1.68,1.7,0.0
2021-05-11,-0.63,0.96,-0.89,0.0
2021-05-12,-2.34,-1.33,0.71,0.0
2021-05-13,1.02,0.26,1.14,0.0
2021-05-14,1.81,0.98,-0.15,0.0
2021-05-17,-0.24,0.6,0.83,0.0
2021-05-18,-0.69,0.26,-0.94,0.0
2021-05-19,-0.34,-0.37,-0.46,0.0
2021-05-20,1.15,-0.11,-1.42,0.0
2021-05-21,-0.04,0.22,0.98,0.0
2021-05-24,0.99,-0.37,-0.69,0.0
2021-05-25,-0.3,-0.61,-1.23,0.0
2021-05-26,0.47,1.77,0.56,0.0
2021-05-27,0.28,0.8,0.94,0.0
2021-05-28,0.04,-0.3,-0.3,0.0
2021-06-01,0.03,1.11,1.45,0.0
2021-06-02,0.12,-0.12,0.31,0.0
2021-06-03,-0.53,-0.53,0.72,0.0
2021-06-04,0.89,-0.36,-0.89,0.0
2021-06-07,0.15,1.57,-0.96,0.0
2021-06-08,0.19,1.15,-0.31,0.0
2021-06-09,-0.3,-0.29,-0.84,0.0
2021-06-10,0.4,-0.89,-2.04,0.0
2021-06-11,0.37,0.67,0.18,0.0
2021-06-14,0.15,-0.31,-1.61,0.0
2021-06-15,-0.3,-0.03,1.3,0.0
2021-06-16,-0.45,0.44,0.2,0.0
2021-06-17,0.01,-0.49,-3.57,0.0
2021-06-18,-1.22,-0.42,-1.44,0.0
2021-06-21,1.34,0.59,1.06,0.0
2021-06-22,0.58,0.04,-0.43,0.0
2021-06-23,0.01,0.55,-0.29,0.0
2021-06-24,0.69,0.65,0.23,0.0
2021-06-25,0.31,-0.7,0.43,0.0
2021-06-28,0.22,-0.49,-1.6,0.0
2021-06-29,0.0,-0.25,-0.29,0.0
2021-06-30,0.07,-0.12,0.76,0.0
2021-07-01,0.43,0.37,0.41,0.0
2021-07-02,0.56,-1.33,-0.72,0.0
2021-07-06,-0.28,-0.65,-1.99,0.0
2021-07-07,0.09,-0.92,0.08,0.0
2021-07-08,-0.86,0.15,-0.77,0.0
2021-07-09,1.25,0.62,1.57,0.0
2021-07-12,0.23,-0.17,0.56,0.0
2021-07-13,-0.56,-1.13,-0.41,0.0
2021-07-14,-0.26,-1.16,0.34,0.0
2021-07-15,-0.38,-0.36,0.79,0.0
2021-07-16,-0.77,-0.23,-1.25,0.0
2021-07-19,-1.41,0.31,-1.74,0.0
2021-07-20,1.69,0.79,0.16,0.0
2021-07-21,0.95,0.63,0.79,0.0
2021-07-22,0.09,-1.34,-1.01,0.0
2021-07-23,0.98,-0.1,-0.47,0.0
2021-07-26,0.18,-0.09,1.33,0.0
2021-07-27,-0.66,-0.66,0.6,0.0
2021-07-28,0.27,1.41,-0.66,0.0
2021-07-29,0.41,-0.01,0.94,0.0
2021-07-30,-0.65,-0.07,-0.17,0.0
2021-08-02,-0.12,-0.15,-0.41,0.0
2021-08-03,0.73,-0.48,0.92,0.0
2021-08-04,-0.39,-0.61,-1.56,0.0
2021-08-05,0.74,1.14,-0.1,0.0
2021-08-06,0.09,0.05,1.88,0.0
2021-08-09,0.01,-0.36,-0.26,0.0
2021-08-10,0.06,0.0,1.82,0.0
2021-08-11,0.19,-0.01,1.41,0.0
2021-08-12,0.24,-0.59,-0.4,0.0
2021-08-13,0.0,-0.85,-0.25,0.0
2021-08-16,-0.05,-0.86,0.05,0.0
2021-08-17,-0.8,-0.45,-0.11,0.0
2021-08-18,-0.95,0.12,-0.19,0.0
2021-08-19,-0.15,-0.79,-0.82,0.0
2021-08-20,0.92,1.0,-0.49,0.0
2021-08-23,1.08,0.94,-0.85,0.0
2021-08-24,0.41,0.36,0.36,0.0
2021-08-25,0.26,-0.04,0.36,0.0
2021-08-26,-0.65,-0.39,-0.32,0.0
2021-08-27,1.07,1.62,0.3,0.0
2021-08-30,0.35,-0.35,-1.37,0.0
2021-08-31,-0.13,0.44,-0.05,0.0
2021-09-01,0.11,0.59,-0.94,0.0
2021-09-02,0.36,0.1,-0.04,0.0
2021-09-03,-0.01,-0.38,-0.26,0.0
2021-09-07,-0.36,-0.14,-0.09,0.0
2021-09-08,-0.34,-0.81,0.08,0.0
2021-09-09,-0.27,0.23,0.09,0.0
2021-09-10,-0.76,-0.1,0.02,0.0
2021-09-13,0.14,-0.05,1.34,0.0
2021-09-14,-0.66,-0.5,-0.97,0.0
2021-09-15,0.88,0.02,0.63,0.0
2021-09-16,-0.03,0.04,-0.55,0.0
2021-09-17,-0.72,0.99,-0.05,0.0
2021-09-20,-1.87,-0.58,0.23,0.0
2021-09-21,0.05,0.45,-0.67,0.0
2021-09-22,1.0,0.17,0.53,0.0
2021-09-23,1.28,0.36,0.93,0.0
2021-09-24,0.08,-0.47,0.7,0.0
2021-09-27,-0.1,1.25,2.43,0.0
2021-09-28,-2.18,-0.44,1.76,0.0
2021-09-29,0.03,-0.3,0.8,0.0
2021-09-30,-1.02,0.32,-0.77,0.0
2021-10-01,1.1,0.4,0.5,0.0
2021-10-04,-1.43,-0.03,2.34,0.0
2021-10-05,1.05,-0.52,-0.07,0.0
2021-10-06,0.33,-0.86,-0.49,0.0
2021-10-07,1.01,0.53,-0.17,0.0
2021-10-08,-0.28,-0.61,1.12,0.0
2021-10-11,-0.72,0.32,-0.28,0.0
2021-10-12,-0.06,0.63,-0.44,0.0
2021-10-13,0.43,0.14,-1.06,0.0
2021-10-14,1.65,-0.34,-0.27,0.0
2021-10-15,0.63,-1.2,0.3,0.0
2021-10-18,0.41,-0.25,-0.01,0.0
2021-10-19,0.71,-0.49,-0.23,0.0
2021-10-20,0.34,-0.02,1.19,0.0
2021-10-21,0.37,0.21,-0.95,0.0
2021-10-22,-0.25,-0.24,1.01,0.0
2021-10-25,0.58,0.48,-0.15,0.0
2021-10-26,0.04,-0.71,-0.31,0.0
2021-10-27,-0.76,-0.74,-1.18,0.0
2021-10-28,1.14,0.88,-0.49,0.0
2021-10-29,0.22,0.2,-0.84,0.0
2021-11-01,0.51,2.02,0.44,0.0
2021-11-02,0.24,-0.29,-0.54,0.0
2021-11-03,0.8,1.45,-0.12,0.0
2021-11-04,0.39,-0.03,-1.37,0.0
2021-11-05,0.38,0.68,1.19,0.0
2021-11-08,0.18,0.02,0.07,0.0
2021-11-09,-0.35,-0.18,0.45,0.0
2021-11-10,-1.07,-0.65,0.94,0.0
2021-11-11,0.24,0.54,0.33,0.0
2021-11-12,0.74,-0.32,-0.91,0.0
2021-11-15,-0.02,-0.54,0.71,0.0
2021-11-16,0.5,0.04,-0.72,0.0
2021-11-17,-0.47,-0.55,-0.25,0.0
2021-11-18,0.06,-0.57,-0.07,0.0
2021-11-19,-0.2,-0.17,-1.29,0.0
2021-11-22,-0.61,-0.54,2.76,0.0
2021-11-23,-0.03,-0.52,1.75,0.0
2021-11-24,0.3,0.03,-0.87,0.0
2021-11-26,-2.22,-1.23,-0.92,0.0
2021-11-29,1.11,-1.01,-0.79,0.0
2021-11-30,-1.95,0.52,-1.13,0.0
2021-12-01,-1.61,-0.8,1.1,0.0
2021-12-02,1.51,0.72,1.27,0.0
2021-12-03,-1.21,-1.13,1.06,0.0
2021-12-06,1.19,0.75,0.63,0.0
2021-12-07,2.22,0.2,-1.79,0.0
2021-12-08,0.47,0.66,-0.83,0.0
2021-12-09,-1.07,-1.37,1.57,0.0
2021-12-10,0.7,-0.83,0.5,0.0
2021-12-13,-1.04,-0.31,-0.98,0.0
2021-12-14,-0.76,-0.67,1.64,0.0
2021-12-15,1.62,0.39,-1.91,0.0
2021-12-16,-1.2,-1.6,2.78,0.0
2021-12-17,-0.65,1.89,-2.33,0.0
2021-12-20,-1.27,-0.15,-0.41,0.0
2021-12-21,2.06,0.82,0.19,0.0
2021-12-22,0.97,0.25,-0.36,0.0
2021-12-23,0.71,0.35,-0.48,0.0
2021-12-27,1.22,-0.11,0.29,0.0
2021-12-28,-0.27,-0.6,0.81,0.0
2021-12-29,0.06,-0.07,0.17,0.0
2021-12-30,-0.15,0.1,-0.4,0.0
2021-12-31,-0.31,0.04,0.53,0.0
