DATE,SPY,SPY Volume
2014-01-02,182.919998,119636900
2014-01-03,182.889999,81390600
2014-01-06,182.360001,108028200
2014-01-07,183.479996,86144200
2014-01-08,183.520004,96582300
2014-01-09,183.639999,90683400
2014-01-10,184.139999,102026400
2014-01-13,181.690002,149892000
2014-01-14,183.669998,105016100
2014-01-15,184.660004,98525800
2014-01-16,184.419998,72290600
2014-01-17,183.639999,107848700
2014-01-21,184.179993,88621200
2014-01-22,184.300003,61270900
2014-01-23,182.789993,132496900
2014-01-24,178.889999,208677100
2014-01-27,178.009995,180843100
2014-01-28,179.070007,110463200
2014-01-29,177.350006,216597300
2014-01-30,179.229996,118938100
2014-01-31,178.179993,194677900
2014-02-03,174.169998,254837100
2014-02-04,175.389999,165012400
2014-02-05,175.169998,164230500
2014-02-06,177.479996,132877600
2014-02-07,179.679993,170787200
2014-02-10,180.009995,92218800
2014-02-11,181.979996,117814100
2014-02-12,182.070007,94717700
2014-02-13,183.009995,100542200
2014-02-14,184.020004,96498400
2014-02-18,184.240005,80460900
2014-02-19,183.020004,126524300
2014-02-20,184.100006,104998100
2014-02-21,183.889999,118116400
2014-02-24,184.910004,114063900
2014-02-25,184.839996,117085000
2014-02-26,184.850006,98677200
2014-02-27,185.820007,93880800
2014-02-28,186.289993,150842000
2014-03-03,184.979996,167748500
2014-03-04,187.580002,167545900
2014-03-05,187.75,88376900
2014-03-06,188.179993,82516500
2014-03-07,188.259995,114513500
2014-03-10,188.160004,74939200
2014-03-11,187.229996,99009100
2014-03-12,187.279999,104824400
2014-03-13,185.179993,155014300
2014-03-14,184.660004,153919600
2014-03-17,186.330002,98359500
2014-03-18,187.660004,101804600
2014-03-19,186.660004,176267300
2014-03-20,187.75,117241000
2014-03-21,186.199997,163128000
2014-03-24,185.429993,121411000
2014-03-25,186.309998,103852000
2014-03-26,184.970001,119843000
2014-03-27,184.580002,142383000
2014-03-28,185.490005,101642000
2014-03-31,187.009995,99745000
2014-04-01,188.25,89193000
2014-04-02,188.880005,78774000
2014-04-03,188.630005,77435000
2014-04-04,186.399994,169381000
2014-04-07,184.339996,140803000
2014-04-08,185.100006,112660000
2014-04-09,187.089996,100254000
2014-04-10,183.160004,172959000
2014-04-11,181.509995,167251000
2014-04-14,182.940002,132382000
2014-04-15,184.199997,157093000
2014-04-16,186.130005,105197000
2014-04-17,186.389999,105255000
2014-04-21,187.039993,68329000
2014-04-22,187.889999,85790000
2014-04-23,187.449997,73869000
2014-04-24,187.830002,88170000
2014-04-25,186.289993,100380000
2014-04-28,186.880005,135121000
2014-04-29,187.75,84098000
2014-04-30,188.309998,101508000
2014-05-01,188.330002,93019000
2014-05-02,188.059998,98122000
2014-05-05,188.419998,75883000
2014-05-06,186.779999,85454000
2014-05-07,187.880005,106500000
2014-05-08,187.679993,93618000
2014-05-09,187.960007,83679000
2014-05-12,189.789993,86940000
2014-05-13,189.960007,66454000
2014-05-14,189.059998,72367000
2014-05-15,187.399994,154956000
2014-05-16,188.050003,97458000
2014-05-19,188.740005,63839000
2014-05-20,187.550003,111644000
2014-05-21,189.130005,89093000
2014-05-22,189.589996,61549000
2014-05-23,190.350006,61092800
2014-05-27,191.520004,72010000
2014-05-28,191.380005,66723000
2014-05-29,192.369995,64377000
2014-05-30,192.679993,76316000
2014-06-02,192.899994,64656000
2014-06-03,192.800003,65047000
2014-06-04,193.190002,55529000
2014-06-05,194.449997,92103000
2014-06-06,195.380005,78696000
2014-06-09,195.580002,65119000
2014-06-10,195.600006,57129000
2014-06-11,194.919998,68772000
2014-06-12,193.539993,106350000
2014-06-13,194.130005,82017000
2014-06-16,194.289993,87424000
2014-06-17,194.830002,84834000
2014-06-18,196.259995,105267000
2014-06-19,196.479996,85929000
2014-06-20,195.940002,100587000
2014-06-23,195.880005,70611000
2014-06-24,194.699997,96237000
2014-06-25,195.580002,82782000
2014-06-26,195.440002,84312000
2014-06-27,195.820007,71445100
2014-06-30,195.720001,70201200
2014-07-01,197.029999,90470000
2014-07-02,197.229996,52475000
2014-07-03,198.199997,52938800
2014-07-07,197.509995,61696000
2014-07-08,196.240005,108143000
2014-07-09,197.119995,72992000
2014-07-10,196.339996,99040000
2014-07-11,196.610001,64243000
2014-07-14,197.600006,58658000
2014-07-15,197.229996,111307000
2014-07-16,197.960007,79986400
2014-07-17,195.71,145398000
2014-07-18,197.710007,124330000
2014-07-21,197.339996,67592000
2014-07-22,198.199997,67678000
2014-07-23,198.639999,65612000
2014-07-24,198.649994,56888000
2014-07-25,197.720001,76837000
2014-07-28,197.800003,69259000
2014-07-29,196.949997,80466000
2014-07-30,196.979996,104222000
2014-07-31,193.089996,183479000
2014-08-01,192.5,189261000
2014-08-04,193.889999,91340000
2014-08-05,192.009995,152690000
2014-08-06,192.070007,94818000
2014-08-07,191.029999,135733000
2014-08-08,193.240005,117014000
2014-08-11,193.800003,74544000
2014-08-12,193.529999,73632000
2014-08-13,194.839996,69047000
2014-08-14,195.759995,57371000
2014-08-15,195.720001,139951000
2014-08-18,197.360001,75424000
2014-08-19,198.389999,59135000
2014-08-20,198.919998,72763000
2014-08-21,199.5,67791000
2014-08-22,199.190002,76107000
2014-08-25,200.199997,63855000
2014-08-26,200.330002,47298000
2014-08-27,200.25,47874000
2014-08-28,200.139999,58330000
2014-08-29,200.710007,65907000
2014-09-02,200.610001,72426000
2014-09-03,200.5,57462000
2014-09-04,200.210007,85236000
2014-09-05,201.110001,102177000
2014-09-08,200.589996,64146000
2014-09-09,199.320007,88591000
2014-09-10,200.070007,67251000
2014-09-11,200.300003,66774400
2014-09-12,199.130005,117409300
2014-09-15,198.979996,76401000
2014-09-16,200.479996,116201000
2014-09-17,200.75,151266000
2014-09-18,201.820007,94990000
2014-09-19,200.699997,121649000
2014-09-22,199.149994,125553000
2014-09-23,198.009995,111393000
2014-09-24,199.559998,107276000
2014-09-25,196.339996,150300000
2014-09-26,197.899994,103547000
2014-09-29,197.539993,95112000
2014-09-30,197.020004,131302000
2014-10-01,194.350006,177798000
2014-10-02,194.380005,157285000
2014-10-03,196.520004,121569000
2014-10-06,196.289993,104778000
2014-10-07,193.259995,147913000
2014-10-08,196.639999,186461000
2014-10-09,192.740005,210705000
2014-10-10,190.539993,221909000
2014-10-13,187.410004,230939000
2014-10-14,187.699997,215847000
2014-10-15,186.429993,380715000
2014-10-16,186.270004,270391000
2014-10-17,188.470001,214625000
2014-10-20,190.300003,130011000
2014-10-21,194.070007,154949000
2014-10-22,192.690002,151822000
2014-10-23,194.929993,154944000
2014-10-24,196.429993,117927000
2014-10-27,196.160004,82954000
2014-10-28,198.410004,106736000
2014-10-29,198.110001,142557000
2014-10-30,199.380005,113330000
2014-10-31,201.660004,146903000
2014-11-03,201.770004,93600000
2014-11-04,201.070007,93343000
2014-11-05,202.339996,91709000
2014-11-06,203.149994,107089000
2014-11-07,203.339996,89540000
2014-11-10,203.979996,66319000
2014-11-11,204.179993,54499400
2014-11-12,203.960007,90120300
2014-11-13,204.190002,85357900
2014-11-14,204.240005,80417500
2014-11-17,204.369995,80441000
2014-11-18,205.550003,76068100
2014-11-19,205.220001,82373000
2014-11-20,205.580002,72840300
2014-11-21,206.679993,142327300
2014-11-24,207.259995,65880800
2014-11-25,207.110001,79108300
2014-11-26,207.639999,62167800
2014-11-28,207.199997,57890100
2014-12-01,205.759995,103968400
2014-12-02,207.089996,74507200
2014-12-03,207.889999,68952000
2014-12-04,207.660004,91316600
2014-12-05,208.0,91025500
2014-12-08,206.610001,108588200
2014-12-09,206.470001,125180100
2014-12-10,203.160004,159856400
2014-12-11,204.190002,159012800
2014-12-12,200.889999,202330200
2014-12-15,199.509995,189965800
2014-12-16,197.910004,259543800
2014-12-17,201.789993,253910100
2014-12-18,206.779999,257633900
2014-12-19,206.520004,245084600
2014-12-22,207.470001,148318900
2014-12-23,207.75,122167900
2014-12-24,207.770004,42963400
2014-12-26,208.440002,57326700
2014-12-29,208.720001,79643900
2014-12-30,207.600006,73540800
2014-12-31,205.539993,130333800
2015-01-02,205.429993,121465900
2015-01-05,201.720001,169632600
2015-01-06,199.820007,209151400
2015-01-07,202.309998,125346700
2015-01-08,205.899994,147217800
2015-01-09,204.25,158567300
2015-01-12,202.649994,144396100
2015-01-13,202.080002,214553300
2015-01-14,200.860001,192991100
2015-01-15,199.020004,176613900
2015-01-16,201.630005,211879600
2015-01-20,202.059998,130991100
2015-01-21,203.080002,122942700
2015-01-22,206.100006,174356000
2015-01-23,204.970001,117516800
2015-01-26,205.449997,92009700
2015-01-27,202.740005,134044600
2015-01-28,200.139999,168514300
2015-01-29,201.990005,173585400
2015-01-30,199.449997,197729700
2015-02-02,201.919998,163107000
2015-02-03,204.839996,124212900
2015-02-04,204.059998,134306700
2015-02-05,206.119995,97953200
2015-02-06,205.550003,125672000
2015-02-09,204.630005,87219000
2015-02-10,206.809998,96164200
2015-02-11,206.929993,91087800
2015-02-12,208.919998,97545900
2015-02-13,209.779999,93670400
2015-02-17,210.110001,76968200
2015-02-18,210.130005,80652900
2015-02-19,209.979996,91462500
2015-02-20,211.240005,140896400
2015-02-23,211.210007,74411100
2015-02-24,211.809998,72472300
2015-02-25,211.630005,73061700
2015-02-26,211.380005,72697900
2015-02-27,210.660004,108076000
2015-03-02,211.990005,87491400
2015-03-03,211.119995,110325800
2015-03-04,210.229996,114497200
2015-03-05,210.460007,76873000
2015-03-06,207.5,188128000
2015-03-09,208.360001,89818900
2015-03-10,204.979996,157121300
2015-03-11,204.5,110145700
2015-03-12,207.100006,93993500
2015-03-13,205.830002,162410900
2015-03-16,208.580002,136099200
2015-03-17,207.960007,94510400
2015-03-18,210.460007,228808500
2015-03-19,209.5,117917300
2015-03-20,210.410004,177715100
2015-03-23,210.0,71784500
2015-03-24,208.820007,77805300
2015-03-25,205.759995,159521700
2015-03-26,205.270004,153067200
2015-03-27,205.740005,118939000
2015-03-30,208.25,96180400
2015-03-31,206.429993,126768700
2015-04-01,205.699997,137303600
2015-04-02,206.440002,86900900
2015-04-06,207.830002,114368200
2015-04-07,207.279999,81236300
2015-04-08,207.979996,89351900
2015-04-09,208.899994,85548900
2015-04-10,210.039993,72722900
2015-04-13,209.089996,74436600
2015-04-14,209.490005,75099900
2015-04-15,210.429993,99529300
2015-04-16,210.369995,68934900
2015-04-17,207.949997,191113200
2015-04-20,209.850006,92189500
2015-04-21,209.600006,72559800
2015-04-22,210.630005,78264600
2015-04-23,211.160004,102585900
2015-04-24,211.649994,61327400
2015-04-27,210.770004,79358100
2015-04-28,211.440002,86863500
2015-04-29,210.570007,125684900
2015-04-30,208.460007,161304900
2015-05-01,210.720001,103399700
2015-05-04,211.320007,70927200
2015-05-05,208.899994,113326200
2015-05-06,208.039993,135060200
2015-05-07,208.869995,88244900
2015-05-08,211.619995,155877300
2015-05-11,210.610001,75708100
2015-05-12,209.979996,119727600
2015-05-13,210.020004,94667900
2015-05-14,212.210007,95934000
2015-05-15,212.440002,76510100
2015-05-18,213.100006,74549700
2015-05-19,213.029999,72114600
2015-05-20,212.880005,76857500
2015-05-21,213.5,64764600
2015-05-22,212.990005,57433500
2015-05-26,210.699997,124308600
2015-05-27,212.699997,93214000
2015-05-28,212.460007,74974600
2015-05-29,211.139999,124919600
2015-06-01,211.570007,93338800
2015-06-02,211.360001,91531000
2015-06-03,211.919998,87820900
2015-06-04,210.130005,151882800
2015-06-05,209.770004,121704700
2015-06-08,208.479996,89063300
2015-06-09,208.449997,105034700
2015-06-10,210.949997,134551300
2015-06-11,211.630005,73876400
2015-06-12,210.009995,135382400
2015-06-15,209.110001,124384200
2015-06-16,210.25,85308200
2015-06-17,210.589996,126708600
2015-06-18,212.779999,165867900
2015-06-19,210.809998,130478700
2015-06-22,211.889999,70696000
2015-06-23,212.039993,68476800
2015-06-24,210.5,92307300
2015-06-25,209.860001,97107400
2015-06-26,209.820007,104174800
2015-06-29,205.419998,202621300
2015-06-30,205.850006,182925100
2015-07-01,207.5,135979900
2015-07-02,207.309998,104373700
2015-07-06,206.720001,117975400
2015-07-07,208.020004,173820200
2015-07-08,204.529999,164020100
2015-07-09,204.899994,144113100
2015-07-10,207.479996,129456900
2015-07-13,209.770004,106069400
2015-07-14,210.679993,81709600
2015-07-15,210.610001,97914100
2015-07-16,212.300003,106683300
2015-07-17,212.479996,89030000
2015-07-20,212.589996,70446800
2015-07-21,211.75,77965000
2015-07-22,211.369995,88667900
2015-07-23,210.179993,90509100
2015-07-24,208.0,117755000
2015-07-27,206.789993,132361100
2015-07-28,209.330002,123544800
2015-07-29,210.770004,105791300
2015-07-30,210.820007,91304400
2015-07-31,210.5,103266900
2015-08-03,209.789993,113965700
2015-08-04,209.380005,81820800
2015-08-05,210.070007,85786800
2015-08-06,208.350006,116030800
2015-08-07,207.949997,117858000
2015-08-10,210.570007,80270700
2015-08-11,208.669998,126081400
2015-08-12,208.919998,172123700
2015-08-13,208.660004,89383300
2015-08-14,209.419998,72786500
2015-08-17,210.589996,79072600
2015-08-18,209.979996,71692700
2015-08-19,208.320007,172946000
2015-08-20,203.970001,194327900
2015-08-21,197.830002,346588500
2015-08-24,189.5,507244300
2015-08-25,187.270004,369833100
2015-08-26,194.460007,339257000
2015-08-27,199.270004,274143900
2015-08-28,199.279999,160414400
2015-08-31,197.669998,163298800
2015-09-01,191.770004,256000400
2015-09-02,195.410004,160269300
2015-09-03,195.550003,152087800
2015-09-04,192.589996,207081000
2015-09-08,197.429993,116025700
2015-09-09,194.789993,149347700
2015-09-10,195.850006,158611100
2015-09-11,196.740005,119691200
2015-09-14,196.009995,79452000
2015-09-15,198.460007,113806200
2015-09-16,200.179993,99581600
2015-09-17,199.729996,276046600
2015-09-18,195.449997,223657500
2015-09-21,196.460007,105726200
2015-09-22,193.910004,153890900
2015-09-23,193.600006,92790600
2015-09-24,192.899994,159378800
2015-09-25,192.850006,155054800
2015-09-28,188.009995,178515900
2015-09-29,188.119995,159045600
2015-09-30,191.630005,163452000
2015-10-01,192.130005,131079000
2015-10-02,195.0,211003300
2015-10-05,198.470001,126320800
2015-10-06,197.789993,110274500
2015-10-07,199.410004,124307300
2015-10-08,201.210007,153055200
2015-10-09,201.330002,107069200
2015-10-12,201.520004,56395600
2015-10-13,200.25,88038700
2015-10-14,199.289993,99106200
2015-10-15,202.350006,134142200
2015-10-16,203.270004,114580100
2015-10-19,203.369995,76523900
2015-10-20,203.110001,78448500
2015-10-21,201.850006,102038000
2015-10-22,205.259995,174911700
2015-10-23,207.509995,144442300
2015-10-26,207.0,69033000
2015-10-27,206.600006,77905800
2015-10-28,208.949997,135906700
2015-10-29,208.830002,90525500
2015-10-30,207.929993,131076900
2015-11-02,210.389999,86270800
2015-11-03,211.0,95246100
2015-11-04,210.360001,96224500
2015-11-05,210.149994,78408700
2015-11-06,210.039993,110471500
2015-11-09,208.080002,131008700
2015-11-10,208.559998,75874600
2015-11-11,207.740005,67846000
2015-11-12,204.839996,121315200
2015-11-13,202.539993,153577100
2015-11-16,205.619995,117645200
2015-11-17,205.470001,121123700
2015-11-18,208.729996,121342500
2015-11-19,208.550003,88220500
2015-11-20,209.309998,94011500
2015-11-23,209.070007,64931200
2015-11-24,209.350006,98874400
2015-11-25,209.320007,51980100
2015-11-27,209.559998,37317800
2015-11-30,208.690002,112822700
2015-12-01,210.679993,97858400
2015-12-02,208.529999,108441300
2015-12-03,205.610001,166224200
2015-12-04,209.619995,192913900
2015-12-07,208.350006,102027100
2015-12-08,206.949997,103372400
2015-12-09,205.339996,162401500
2015-12-10,205.869995,115196800
2015-12-11,201.880005,211173300
2015-12-14,202.899994,182385200
2015-12-15,205.029999,154069600
2015-12-16,208.029999,197017000
2015-12-17,204.860001,173092500
2015-12-18,200.020004,251393500
2015-12-21,201.669998,99094300
2015-12-22,203.5,111026200
2015-12-23,206.020004,110987200
2015-12-24,205.679993,48539600
2015-12-28,205.210007,65899900
2015-12-29,207.399994,92640700
2015-12-30,205.929993,63317700
2015-12-31,203.869995,102929500
2016-01-04,201.020004,222353500
2016-01-05,201.360001,110845800
2016-01-06,198.820007,152112600
2016-01-07,194.050003,213436100
2016-01-08,191.919998,209817200
2016-01-11,192.110001,187941300
2016-01-12,193.660004,172330500
2016-01-13,188.830002,221168900
2016-01-14,191.929993,240795600
2016-01-15,187.809998,314240200
2016-01-19,188.059998,195244400
2016-01-20,185.649994,286547800
2016-01-21,186.690002,195772900
2016-01-22,190.520004,168319600
2016-01-25,187.639999,130371700
2016-01-26,190.199997,141036800
2016-01-27,188.130005,185681700
2016-01-28,189.110001,143798800
2016-01-29,193.720001,210529300
2016-02-01,193.649994,136061600
2016-02-02,190.160004,182564900
2016-02-03,191.300003,205054900
2016-02-04,191.600006,139531800
2016-02-05,187.949997,180788300
2016-02-08,185.419998,191526700
2016-02-09,185.429993,184513100
2016-02-10,185.270004,148214100
2016-02-11,182.860001,219058900
2016-02-12,186.630005,127632400
2016-02-16,189.779999,120250700
2016-02-17,192.880005,136009500
2016-02-18,192.089996,102343000
2016-02-19,192.0,114793000
2016-02-22,194.779999,103640300
2016-02-23,192.320007,111455300
2016-02-24,193.199997,150812200
2016-02-25,195.539993,110728300
2016-02-26,195.089996,129833700
2016-02-29,193.559998,125918100
2016-03-01,198.110001,141799700
2016-03-02,199.0,102415000
2016-03-03,199.779999,95172200
2016-03-04,200.429993,129293600
2016-03-07,200.589996,100219000
2016-03-08,198.399994,123974900
2016-03-09,199.380005,94801200
2016-03-10,199.539993,156838700
2016-03-11,202.759995,137964500
2016-03-14,202.5,73612000
2016-03-15,202.169998,93169100
2016-03-16,203.339996,129303200
2016-03-17,204.630005,134278500
2016-03-18,204.380005,138372400
2016-03-21,204.669998,72926700
2016-03-22,204.559998,97471900
2016-03-23,203.210007,81052500
2016-03-24,203.119995,84360900
2016-03-28,203.240005,62408200
2016-03-29,205.119995,92922900
2016-03-30,206.020004,86365300
2016-03-31,205.520004,94584100
2016-04-01,206.919998,114423500
2016-04-04,206.25,63497000
2016-04-05,204.190002,99662200
2016-04-06,206.419998,91839800
2016-04-07,203.949997,113859000
2016-04-08,204.5,95040600
2016-04-11,204.020004,83757500
2016-04-12,205.919998,115350600
2016-04-13,208.0,96336400
2016-04-14,208.009995,65212900
2016-04-15,207.779999,75761600
2016-04-18,209.240005,75277700
2016-04-19,209.899994,88316100
2016-04-20,210.100006,81100300
2016-04-21,208.970001,85695000
2016-04-22,208.970001,99251700
2016-04-25,208.610001,66166500
2016-04-26,208.919998,75864200
2016-04-27,209.350006,77329400
2016-04-28,207.449997,97216200
2016-04-29,206.330002,142424100
2016-05-02,207.970001,62188000
2016-05-03,206.160004,101267500
2016-05-04,205.009995,92243800
2016-05-05,204.970001,67619200
2016-05-06,205.720001,83784900
2016-05-09,205.889999,74374900
2016-05-10,208.449997,77472200
2016-05-11,206.5,81727000
2016-05-12,206.559998,89586300
2016-05-13,204.759995,96474600
2016-05-16,206.779999,77486800
2016-05-17,204.850006,114924900
2016-05-18,204.910004,120062100
2016-05-19,204.199997,115430500
2016-05-20,205.490005,104990400
2016-05-23,205.210007,58682600
2016-05-24,207.869995,93537800
2016-05-25,209.279999,76621400
2016-05-26,209.339996,55280700
2016-05-27,210.240005,59329000
2016-05-31,209.839996,109879400
2016-06-01,210.270004,69936200
2016-06-02,210.910004,63044700
2016-06-03,210.279999,101757100
2016-06-06,211.350006,64887000
2016-06-07,211.679993,60974800
2016-06-08,212.369995,66170900
2016-06-09,212.080002,73786900
2016-06-10,210.070007,113829200
2016-06-13,208.449997,117751200
2016-06-14,208.039993,125059300
2016-06-15,207.75,109124500
2016-06-16,208.369995,149533100
2016-06-17,206.520004,117055700
2016-06-20,207.850006,82789600
2016-06-21,208.440002,72461700
2016-06-22,208.100006,95560500
2016-06-23,210.809998,102731400
2016-06-24,203.240005,333444400
2016-06-27,199.600006,230775800
2016-06-28,203.199997,159382400
2016-06-29,206.660004,137328600
2016-06-30,209.479996,165021900
2016-07-01,209.919998,106055300
2016-07-05,208.410004,109803700
2016-07-06,209.660004,96021500
2016-07-07,209.529999,85593800
2016-07-08,212.649994,133971000
2016-07-11,213.399994,73633900
2016-07-12,214.949997,101275600
2016-07-13,214.919998,87324100
2016-07-14,216.119995,91230900
2016-07-15,215.830002,107155400
2016-07-18,216.410004,58725900
2016-07-19,216.190002,54345700
2016-07-20,217.089996,58159500
2016-07-21,216.270004,67777300
2016-07-22,217.240005,62787500
2016-07-25,216.649994,55873100
2016-07-26,216.75,70080500
2016-07-27,216.520004,84083900
2016-07-28,216.770004,65035700
2016-07-29,217.119995,79519400
2016-08-01,216.940002,73311400
2016-08-02,215.550003,92295500
2016-08-03,216.179993,53993600
2016-08-04,216.410004,46585500
2016-08-05,218.179993,71892200
2016-08-08,218.050003,39906500
2016-08-09,218.179993,51251700
2016-08-10,217.639999,57941100
2016-08-11,218.649994,72504300
2016-08-12,218.460007,61313500
2016-08-15,219.089996,49813500
2016-08-16,217.960007,53213600
2016-08-17,218.369995,75134300
2016-08-18,218.860001,52989300
2016-08-19,218.539993,75443000
2016-08-22,218.529999,61368800
2016-08-23,218.970001,53399200
2016-08-24,217.850006,71728900
2016-08-25,217.699997,69224800
2016-08-26,217.289993,122506300
2016-08-29,218.360001,70502200
2016-08-30,218.0,58114500
2016-08-31,217.380005,85269500
2016-09-01,217.389999,97844200
2016-09-02,218.369995,79293900
2016-09-06,219.029999,56702100
2016-09-07,219.009995,76554900
2016-09-08,218.509995,74102900
2016-09-09,213.279999,221589100
2016-09-12,216.339996,168110900
2016-09-13,213.229996,182828800
2016-09-14,213.149994,134185500
2016-09-15,215.279999,134427900
2016-09-16,213.369995,155236400
2016-09-19,213.410004,80250500
2016-09-20,213.419998,69665300
2016-09-21,215.820007,110284400
2016-09-22,217.179993,76678700
2016-09-23,215.990005,73630900
2016-09-26,214.240005,89827300
2016-09-27,215.570007,78494800
2016-09-28,216.639999,87411000
2016-09-29,214.679993,128070600
2016-09-30,216.300003,117202900
2016-10-03,215.779999,83512100
2016-10-04,214.679993,119948100
2016-10-05,215.630005,72816000
2016-10-06,215.779999,62927400
2016-10-07,215.039993,89788300
2016-10-10,216.160004,51855000
2016-10-11,213.429993,130367400
2016-10-12,213.710007,73866100
2016-10-13,213.009995,101357000
2016-10-14,213.119995,93346200
2016-10-17,212.380005,58275700
2016-10-18,213.710007,76869700
2016-10-19,214.279999,66519200
2016-10-20,213.880005,73639800
2016-10-21,213.979996,89089100
2016-10-24,214.889999,60146600
2016-10-25,214.169998,66542300
2016-10-26,213.740005,75705500
2016-10-27,213.169998,77220200
2016-10-28,212.539993,140623200
2016-10-31,212.550003,61272500
2016-11-01,211.009995,122781800
2016-11-02,209.740005,103330800
2016-11-03,208.779999,88939300
2016-11-04,208.550003,109122100
2016-11-07,213.149994,109794900
2016-11-08,214.110001,102268300
2016-11-09,216.380005,258429000
2016-11-10,216.919998,172113300
2016-11-11,216.419998,93847200
2016-11-14,216.589996,94580000
2016-11-15,218.279999,91652600
2016-11-16,217.869995,65617700
2016-11-17,218.990005,69797200
2016-11-18,218.5,86265800
2016-11-21,220.149994,72402600
2016-11-22,220.580002,67429000
2016-11-23,220.699997,56620200
2016-11-25,221.520004,37872300
2016-11-28,220.479996,76572500
2016-11-29,220.910004,69886700
2016-11-30,220.380005,113291800
2016-12-01,219.570007,79040500
2016-12-02,219.679993,74840300
2016-12-05,221.0,67837800
2016-12-06,221.699997,59877400
2016-12-07,224.600006,110738100
2016-12-08,225.149994,99714400
2016-12-09,226.509995,88005800
2016-12-12,226.25,102016100
2016-12-13,227.759995,110477500
2016-12-14,225.880005,142501800
2016-12-15,226.809998,124972600
2016-12-16,225.039993,156420200
2016-12-19,225.529999,90341100
2016-12-20,226.399994,89838800
2016-12-21,225.770004,67909000
2016-12-22,225.380005,56219100
2016-12-23,225.710007,36251400
2016-12-27,226.270004,42672500
2016-12-28,224.399994,64095000
2016-12-29,224.350006,48696100
2016-12-30,223.529999,108998300
2017-01-03,225.240005,91366500
2017-01-04,226.580002,78744400
2017-01-05,226.399994,78379000
2017-01-06,227.210007,71559900
2017-01-09,226.460007,46939700
2017-01-10,226.460007,63771900
2017-01-11,227.100006,74650000
2017-01-12,226.529999,72113200
2017-01-13,227.050003,62717900
2017-01-17,226.25,61240800
2017-01-18,226.75,54793300
2017-01-19,225.910004,66608800
2017-01-20,226.740005,129168600
2017-01-23,226.149994,75061600
2017-01-24,227.600006,95555300
2017-01-25,229.570007,84437700
2017-01-26,229.330002,59970700
2017-01-27,228.970001,59711100
2017-01-30,227.550003,79737300
2017-01-31,227.529999,75880800
2017-02-01,227.619995,79117700
2017-02-02,227.770004,69657600
2017-02-03,229.339996,80563200
2017-02-06,228.929993,57790100
2017-02-07,228.940002,57931200
2017-02-08,229.240005,51566200
2017-02-09,230.600006,65955200
2017-02-10,231.509995,66015900
2017-02-13,232.770004,55182100
2017-02-14,233.699997,71109000
2017-02-15,234.919998,86785800
2017-02-16,234.720001,84722400
2017-02-17,235.089996,77204100
2017-02-21,236.490005,88946100
2017-02-22,236.279999,62115200
2017-02-23,236.440002,74615900
2017-02-24,236.740005,82381600
2017-02-27,237.110001,56515400
2017-02-28,236.470001,96961900
2017-03-01,239.779999,149158200
2017-03-02,238.270004,70246000
2017-03-03,238.419998,81974300
2017-03-06,237.710007,55391500
2017-03-07,237.0,65103700
2017-03-08,236.559998,78168800
2017-03-09,236.860001,90683900
2017-03-10,237.690002,81991700
2017-03-13,237.809998,57256800
2017-03-14,236.899994,59880800
2017-03-15,238.949997,96081800
2017-03-16,238.479996,78344000
2017-03-17,237.029999,89002100
2017-03-20,236.770004,52537000
2017-03-21,233.729996,131809300
2017-03-22,234.279999,97569200
2017-03-23,234.029999,100410300
2017-03-24,233.860001,112504900
2017-03-27,233.619995,87454500
2017-03-28,235.320007,93483900
2017-03-29,235.539993,61950400
2017-03-30,236.289993,56737900
2017-03-31,235.740005,73733100
2017-04-03,235.330002,85546500
2017-04-04,235.479996,56466200
2017-04-05,234.779999,108800600
2017-04-06,235.440002,69135800
2017-04-07,235.199997,74412300
2017-04-10,235.339996,67615300
2017-04-11,235.059998,88045300
2017-04-12,234.029999,81864400
2017-04-13,232.509995,92880400
2017-04-17,234.570007,68405400
2017-04-18,233.869995,83225800
2017-04-19,233.440002,68699900
2017-04-20,235.339996,92572200
2017-04-21,234.589996,110389800
2017-04-24,237.169998,119209900
2017-04-25,238.550003,76698300
2017-04-26,238.399994,84702500
2017-04-27,238.600006,57410300
2017-04-28,238.080002,63532800
2017-05-01,238.679993,66882500
2017-05-02,238.770004,57375700
2017-05-03,238.479996,73137700
2017-05-04,238.759995,61462700
2017-05-05,239.699997,62001300
2017-05-08,239.660004,48385700
2017-05-09,239.440002,51363200
2017-05-10,239.869995,54293800
2017-05-11,239.380005,62358300
2017-05-12,238.979996,53912700
2017-05-15,240.300003,61918900
2017-05-16,240.080002,51241800
2017-05-17,235.820007,172174100
2017-05-18,236.770004,107047700
2017-05-19,238.309998,115011400
2017-05-22,239.520004,61010600
2017-05-23,240.050003,48341700
2017-05-24,240.610001,46927700
2017-05-25,241.759995,64071700
2017-05-26,241.710007,43404500
2017-05-30,241.5,35201900
2017-05-31,241.440002,91796000
2017-06-01,243.360001,68962000
2017-06-02,244.169998,88666100
2017-06-05,243.990005,44698800
2017-06-06,243.210007,50375400
2017-06-07,243.660004,54144300
2017-06-08,243.779999,65950700
2017-06-09,243.410004,132256400
2017-06-12,243.360001,86108100
2017-06-13,244.550003,60067000
2017-06-14,244.240005,78602300
2017-06-15,243.770004,66464900
2017-06-16,242.639999,84553100
2017-06-19,244.660004,65123800
2017-06-20,243.009995,56906400
2017-06-21,242.949997,55977600
2017-06-22,242.839996,44148100
2017-06-23,243.130005,66986800
2017-06-26,243.289993,56700500
2017-06-27,241.330002,82247700
2017-06-28,243.490005,70042600
2017-06-29,241.350006,106949700
2017-06-30,241.800003,69340100
2017-07-03,242.210007,39153800
2017-07-05,242.770004,54427600
2017-07-06,240.550003,65400800
2017-07-07,242.110001,56062000
2017-07-10,242.37,36663274
2017-07-11,242.19,50290920
2017-07-12,244.01,59610405
2017-07-13,244.42,39471637
2017-07-14,245.56,60234284
2017-07-17,245.53,33502556
2017-07-18,245.66,42742498
2017-07-19,246.99,51034260
2017-07-20,247.1,47095050
2017-07-21,246.88,88711019
2017-07-24,246.82,46607836
2017-07-25,247.42,54915591
2017-07-26,247.43,47575422
2017-07-27,247.2,70766568
2017-07-28,246.91,50088359
2017-07-31,246.77,65838659
2017-08-01,247.32,55050401
2017-08-02,247.44,47211216
2017-08-03,246.96,40785699
2017-08-04,247.41,60191838
2017-08-07,247.87,31995021
2017-08-08,247.26,61719353
2017-08-09,247.25,62523195
2017-08-10,243.76,120361520
2017-08-11,244.12,74869947
2017-08-14,246.54,73291919
2017-08-15,246.51,55242746
2017-08-16,246.94,56573941
2017-08-17,243.09,128490396
2017-08-18,242.71,136727029
2017-08-21,242.9,65427294
2017-08-22,245.44,63052257
2017-08-23,244.56,50203837
2017-08-24,243.99,50671916
2017-08-25,244.56,64445912
2017-08-28,244.57,40289809
2017-08-29,244.85,51030585
2017-08-30,246.01,62030805
2017-08-31,247.49,103803880
2017-09-01,247.84,62006989
2017-09-05,246.06,91398777
2017-09-06,246.9,57916867
2017-09-07,246.87,57860284
2017-09-08,246.58,63832825
2017-09-11,249.21,71364848
2017-09-12,250.05,56790958
2017-09-13,250.17,59228002
2017-09-14,250.09,95283018
2017-09-15,249.19,95432382
2017-09-18,249.72,46235238
2017-09-19,249.97,47086061
2017-09-20,250.06,59540008
2017-09-21,249.39,48155193
2017-09-22,249.44,51198860
2017-09-25,248.93,56983989
2017-09-26,249.08,54062937
2017-09-27,250.05,80971580
2017-09-28,250.35,44723771
2017-09-29,251.23,85525832
2017-10-02,252.32,59022985
2017-10-03,252.86,66751443
2017-10-04,253.16,55868342
2017-10-05,254.66,63522757
2017-10-06,254.37,80645998
2017-10-09,253.95,35752113
2017-10-10,254.62,43001831
2017-10-11,255.02,47639377
2017-10-12,254.64,47065144
2017-10-13,254.95,54691960
2017-10-16,255.29,38221675
2017-10-17,255.47,31516059
2017-10-18,255.72,40888330
2017-10-19,255.79,61816142
2017-10-20,257.11,89176377
2017-10-23,256.11,63885393
2017-10-24,256.56,66912424
2017-10-25,255.29,103715291
2017-10-26,255.62,69730040
2017-10-27,257.71,85562544
2017-10-30,256.75,54260547
2017-10-31,257.15,60304781
2017-11-01,257.49,54202736
2017-11-02,257.59,56424767
2017-11-03,258.45,59578131
2017-11-06,258.85,49605453
2017-11-07,258.67,57502161
2017-11-08,259.11,48851685
2017-11-09,258.17,93981044
2017-11-10,258.09,59958419
2017-11-13,258.33,50151724
2017-11-14,257.73,61173195
2017-11-15,256.44,80811525
2017-11-16,258.62,67639490
2017-11-17,257.86,75725627
2017-11-20,258.3,47950881
2017-11-21,259.99,69078940
2017-11-22,259.76,44999079
2017-11-24,260.36,27856514
2017-11-27,260.23,52165675
2017-11-28,262.87,98971719
2017-11-29,262.71,77321170
2017-11-30,265.01,127718269
2017-12-01,264.46,164344179
2017-12-04,264.14,93965860
2017-12-05,263.19,77959019
2017-12-06,263.24,75808679
2017-12-07,264.07,77137198
2017-12-08,265.51,76539797
2017-12-11,266.31,83077533
2017-12-12,266.78,85142687
2017-12-13,266.75,102859962
2017-12-14,265.66,100612031
2017-12-15,266.51,144531657
2017-12-18,268.2,83589559
2017-12-19,267.17,82300444
2017-12-20,267.03,76708900
2017-12-21,267.58,67000877
2017-12-22,267.51,78712225
2017-12-26,267.19,45244433
2017-12-27,267.32,57750986
2017-12-28,267.87,45087762
2017-12-29,266.86,96007424
2018-01-02,268.77,86655749
2018-01-03,270.47,90070416
2018-01-04,271.61,80595402
2018-01-05,273.42,83468662
2018-01-08,273.92,57288979
2018-01-09,274.54,57253957
2018-01-10,274.12,69499524
2018-01-11,276.12,62306557
2018-01-12,277.92,90789911
2018-01-16,276.97,106555142
2018-01-17,279.61,113201396
2018-01-18,279.14,100682250
2018-01-19,280.41,140895374
2018-01-22,282.69,91322408
2018-01-23,283.29,97084700
2018-01-24,283.18,134816117
2018-01-25,283.3,84587313
2018-01-26,286.58,107743119
2018-01-29,284.68,90118337
2018-01-30,281.76,131796419
2018-01-31,281.9,118948131
2018-02-01,281.58,90102470
2018-02-02,275.45,173127085
2018-02-05,263.93,294681816
2018-02-06,269.13,355026782
2018-02-07,267.67,167376100
2018-02-08,257.63,246449505
2018-02-09,261.5,283321142
2018-02-12,265.34,143735976
2018-02-13,266.0,81177734
2018-02-14,269.59,120735685
2018-02-15,273.03,111200286
2018-02-16,273.11,160420135
2018-02-20,271.4,86369662
2018-02-21,270.05,98883740
2018-02-22,270.4,110511290
2018-02-23,274.71,92729476
2018-02-26,277.9,86390416
2018-02-27,274.43,98952533
2018-02-28,271.65,121907767
2018-03-01,267.7,176855077
2018-03-02,269.08,139083217
2018-03-05,272.19,97307387
2018-03-06,272.88,78407902
2018-03-07,272.78,87063502
2018-03-08,274.1,66901150
2018-03-09,278.87,113625335
2018-03-12,278.52,71852943
2018-03-13,276.72,91903263
2018-03-14,275.3,105895079
2018-03-15,275.0,83433038
2018-03-16,274.2,100343673
2018-03-19,270.49,109208442
2018-03-20,270.95,59757271
2018-03-21,270.43,78709578
2018-03-22,263.67,148785916
2018-03-23,258.05,183534751
2018-03-26,265.11,141956102
2018-03-27,260.6,129941445
2018-03-28,259.83,146452306
2018-03-29,263.15,124244790
2018-04-02,257.47,186286343
2018-04-03,260.77,119889222
2018-04-04,263.56,123574054
2018-04-05,265.64,80993290
2018-04-06,259.72,179483634
2018-04-09,261.0,105442932
2018-04-10,265.15,105383213
2018-04-11,263.76,91082611
2018-04-12,265.93,68648611
2018-04-13,265.15,85043940
2018-04-16,267.33,63354866
2018-04-17,270.19,64633377
2018-04-18,270.39,57254061
2018-04-19,268.89,77625519
2018-04-20,266.61,99953133
2018-04-23,266.57,65507630
2018-04-24,262.98,112864871
2018-04-25,263.63,103756753
2018-04-26,266.31,67636739
2018-04-27,266.56,57032898
2018-04-30,264.51,81902861
2018-05-01,264.98,74167763
2018-05-02,263.2,86310101
2018-05-03,262.62,136179773
2018-05-04,266.02,91187159
2018-05-07,266.92,55304907
2018-05-08,266.92,67404486
2018-05-09,269.5,59614018
2018-05-10,272.02,72036333
2018-05-11,272.85,59795475
2018-05-14,272.98,54765742
2018-05-15,271.1,86952162
2018-05-16,272.24,53909542
2018-05-17,272.01,56438381
2018-05-18,271.33,64317345
2018-05-21,273.37,58025875
2018-05-22,272.61,52966358
2018-05-23,273.36,64694184
2018-05-24,272.8,76012559
2018-05-25,272.15,56348979
2018-05-29,269.02,115908607
2018-05-30,272.61,69678449
2018-05-31,270.94,93492466
2018-06-01,273.6,71228501
2018-06-04,274.9,45351855
2018-06-05,275.1,51113822
2018-06-06,277.4,62679252
2018-06-07,277.37,72931644
2018-06-08,278.19,72124598
2018-06-11,278.56,58892515
2018-06-12,278.92,72298316
2018-06-13,278.03,79036971
2018-06-14,278.73,77071424
2018-06-15,277.13,119945202
2018-06-18,276.56,52633567
2018-06-19,275.5,97474941
2018-06-20,275.97,53753292
2018-06-21,274.24,71017222
2018-06-22,274.74,56583232
2018-06-25,271.0,137854162
2018-06-26,271.6,68683211
2018-06-27,269.35,104960655
2018-06-28,270.89,76622607
2018-06-29,271.28,97592499
2018-07-02,271.86,63529623
2018-07-03,270.9,42187071
2018-07-05,273.11,56925919
2018-07-06,275.42,66474953
2018-07-09,277.9,50435421
2018-07-10,278.9,51757760
2018-07-11,276.86,77018482
2018-07-12,279.37,60021912
2018-07-13,279.59,48234964
2018-07-16,279.34,48201038
2018-07-17,280.47,52258946
2018-07-18,281.06,44564421
2018-07-19,280.0,61396658
2018-07-20,279.68,82365465
2018-07-23,280.2,47002019
2018-07-24,281.61,67997395
2018-07-25,284.01,78707761
2018-07-26,283.34,57897905
2018-07-27,281.42,76770759
2018-07-30,279.95,63742508
2018-07-31,281.33,68243676
2018-08-01,280.86,53805385
2018-08-02,282.39,63398952
2018-08-03,283.6,53921610
2018-08-06,284.64,39400887
2018-08-07,285.58,43159068
2018-08-08,285.46,42090848
2018-08-09,285.07,35716976
2018-08-10,283.16,77076044
2018-08-13,282.1,65699169
2018-08-14,283.9,43818805
2018-08-15,281.78,102875001
2018-08-16,284.06,69890326
2018-08-17,285.06,65606452
2018-08-20,285.67,39777328
2018-08-21,286.34,66946384
2018-08-22,286.17,44968634
2018-08-23,285.79,49204851
2018-08-24,287.51,57467168
2018-08-27,289.78,57035568
2018-08-28,289.92,46879919
2018-08-29,291.48,61465501
2018-08-30,290.3,61202914
2018-08-31,290.31,66105966
2018-09-04,289.81,57573588
2018-09-05,289.03,72062803
2018-09-06,288.16,65880610
2018-09-07,287.6,73491708
2018-09-10,288.1,50191113
2018-09-11,289.05,50530492
2018-09-12,289.12,59810758
2018-09-13,290.83,51015325
2018-09-14,290.88,55079875
2018-09-17,289.34,68058677
2018-09-18,290.91,61888422
2018-09-19,291.22,49030496
2018-09-20,293.58,100360646
2018-09-21,291.99,105466627
2018-09-24,291.02,53356561
2018-09-25,290.75,44350784
2018-09-26,289.88,79697809
2018-09-27,290.69,59212874
2018-09-28,290.72,70073264
2018-10-01,291.73,62051029
2018-10-02,291.56,47205511
2018-10-03,291.72,64694594
2018-10-04,289.44,111460609
2018-10-05,287.82,105915178
2018-10-08,287.82,87705879
2018-10-09,287.4,74311194
2018-10-10,278.3,214436855
2018-10-11,272.17,274840491
2018-10-12,275.95,182971381
2018-10-15,274.4,102111933
2018-10-16,280.4,118212167
2018-10-17,280.45,110625987
2018-10-18,276.4,134471672
2018-10-19,276.25,139851825
2018-10-22,275.01,82351338
2018-10-23,273.61,145624229
2018-10-24,265.32,177362361
2018-10-25,270.08,138061545
2018-10-26,265.33,201520963
2018-10-29,263.86,160749101
2018-10-30,267.77,157115995
2018-10-31,270.63,128296325
2018-11-01,273.51,99495037
2018-11-02,271.89,122634107
2018-11-05,273.39,65622482
2018-11-06,275.12,59860017
2018-11-07,281.01,102752099
2018-11-08,280.5,65584886
2018-11-09,277.76,98812561
2018-11-12,272.57,99673574
2018-11-13,272.06,98176610
2018-11-14,270.2,125335931
2018-11-15,273.02,135101437
2018-11-16,273.73,126653240
2018-11-19,269.1,102876084
2018-11-20,264.12,136021311
2018-11-21,265.02,75563743
2018-11-23,263.25,42807878
2018-11-26,267.5,79916381
2018-11-27,268.4,75371078
2018-11-28,274.58,127629633
2018-11-29,273.98,82256010
2018-11-30,275.65,98157846
2018-12-03,279.3,102960337
2018-12-04,270.25,177466051
2018-12-06,269.84,203991309
2018-12-07,263.57,160919250
2018-12-10,264.07,151236208
2018-12-11,264.13,121208739
2018-12-12,265.46,97856558
2018-12-13,265.37,96525689
2018-12-14,260.47,116891750
2018-12-17,255.36,165355837
2018-12-18,255.08,133982645
2018-12-19,251.26,214848880
2018-12-20,247.17,252053377
2018-12-21,240.7,255345633
2018-12-24,234.34,147311588
2018-12-26,246.18,218485360
2018-12-27,248.07,186267342
2018-12-28,247.75,153068658
2018-12-31,249.92,144299370
2019-01-02,250.18,126743877
2019-01-03,244.21,143872958
2019-01-04,252.39,142573163
2019-01-07,254.38,103014490
2019-01-08,256.77,102313170
2019-01-09,257.97,94813642
2019-01-10,258.88,96823923
2019-01-11,258.98,73858110
2019-01-14,257.4,70015565
2019-01-15,260.35,85094498
2019-01-16,260.98,77542617
2019-01-17,262.96,95955433
2019-01-18,266.46,127900303
2019-01-22,262.86,115433266
2019-01-23,263.41,86030287
2019-01-24,263.55,59204139
2019-01-25,265.78,96883358
2019-01-28,263.76,85170996
2019-01-29,263.41,65933663
2019-01-30,267.58,92297463
2019-01-31,269.93,104012073
2019-02-01,270.06,85754736
2019-02-04,271.96,60688331
2019-02-05,273.1,79514212
2019-02-06,272.74,58289937
2019-02-07,270.14,95300784
2019-02-08,270.47,75769705
2019-02-11,270.62,68021423
2019-02-12,274.1,72060303
2019-02-13,274.99,65155977
2019-02-14,274.38,83057129
2019-02-15,277.37,96950082
2019-02-19,277.85,59120804
2019-02-20,278.41,76610767
2019-02-21,277.42,64214727
2019-02-22,279.14,78086268
2019-02-25,279.52,69030699
2019-02-26,279.32,56778902
2019-02-27,279.2,56820264
2019-02-28,278.68,69199600
2019-03-01,280.42,77748145
2019-03-04,279.4,106400309
2019-03-05,279.02,59114559
2019-03-06,277.33,75039771
2019-03-07,275.01,94728372
2019-03-08,274.46,85759227
2019-03-11,278.44,64925449
2019-03-12,279.49,79591019
2019-03-13,281.34,80520845
2019-03-14,281.16,67474399
2019-03-15,281.31,81308979
2019-03-18,282.33,62152857
2019-03-19,282.4,90220528
2019-03-20,281.55,84516510
2019-03-21,284.73,79503084
2019-03-22,279.25,122584329
2019-03-25,279.04,85312509
2019-03-26,281.12,68047406
2019-03-27,279.65,72174824
2019-03-28,280.71,56107818
2019-03-29,282.48,82160899
2019-04-01,285.83,77617945
2019-04-02,285.97,40021425
2019-04-03,286.42,68183165
2019-04-04,287.18,48960844
2019-04-05,288.57,58559409
2019-04-08,288.79,53524986
2019-04-09,287.31,66113303
2019-04-10,288.29,52601499
2019-04-11,288.21,55045415
2019-04-12,290.16,69701774
2019-04-15,289.97,49578052
2019-04-16,290.16,52127286
2019-04-17,289.45,58145586
2019-04-18,290.02,68708513
2019-04-22,290.27,40160140
2019-04-23,292.88,52189887
2019-04-24,292.23,50358501
2019-04-25,292.05,57770862
2019-04-26,293.41,50916423
2019-04-29,293.87,57197747
2019-04-30,294.02,81111733
2019-05-01,291.81,71671870
2019-05-02,291.18,65030170
2019-05-03,294.03,56516723
2019-05-06,292.82,107198069
2019-05-07,287.93,144563154
2019-05-08,287.53,91512947
2019-05-09,286.66,103471104
2019-05-10,288.1,112380054
2019-05-13,280.86,127290527
2019-05-14,283.4,76954311
2019-05-15,285.06,73861158
2019-05-16,287.7,76684778
2019-05-17,285.84,100353024
2019-05-20,283.95,62775223
2019-05-21,286.51,46847085
2019-05-22,285.63,49415848
2019-05-23,282.14,98662584
2019-05-24,282.78,55268095
2019-05-28,280.15,70029356
2019-05-29,278.27,104972927
2019-05-30,279.03,61259925
2019-05-31,275.27,86758995
2019-06-03,274.57,96299769
2019-06-04,280.53,77124332
2019-06-05,282.96,71169717
2019-06-06,284.8,69370887
2019-06-07,287.65,74234655
2019-06-10,288.97,60723460
2019-06-11,288.9,58601045
2019-06-12,288.39,47058443
2019-06-13,289.58,48894632
2019-06-14,289.26,52324716
2019-06-17,289.37,39142877
2019-06-18,292.4,85244302
2019-06-19,293.06,78519949
2019-06-20,295.86,116489283
2019-06-21,294.0,83309466
2019-06-24,293.64,47562557
2019-06-25,290.76,81834041
2019-06-26,290.47,51584902
2019-06-27,291.5,40256887
2019-06-28,293.0,59255834
2019-07-01,295.66,78867575
2019-07-02,296.43,61504544
2019-07-03,298.8,40898896
2019-07-05,298.46,51657416
2019-07-08,296.82,45841772
2019-07-09,297.19,41068189
2019-07-10,298.61,58547783
2019-07-11,299.31,50832063
2019-07-12,300.65,40335336
2019-07-15,300.75,33910261
2019-07-16,299.71,40533990
2019-07-17,297.74,43952969
2019-07-18,298.83,51589195
2019-07-19,297.17,70991785
2019-07-22,297.9,43652365
2019-07-23,300.03,44601745
2019-07-24,301.44,47213232
2019-07-25,300.0,55378544
2019-07-26,302.01,45022816
2019-07-29,301.46,38091054
2019-07-30,300.72,45813578
2019-07-31,297.43,104245162
2019-08-01,294.84,142531739
2019-08-02,292.62,116724483
2019-08-05,283.82,177891127
2019-08-06,287.8,120521001
2019-08-07,287.97,140409925
2019-08-08,293.62,87460322
2019-08-09,291.62,93702071
2019-08-12,288.12,75230899
2019-08-13,292.55,94713738
2019-08-14,283.9,135369567
2019-08-15,284.65,101929845
2019-08-16,288.85,85808933
2019-08-19,292.33,53583732
2019-08-20,290.09,51614878
2019-08-21,292.45,49565853
2019-08-22,292.36,51698543
2019-08-23,284.85,149217157
2019-08-26,288.0,72478929
2019-08-27,286.87,68262998
2019-08-28,288.89,59852324
2019-08-29,292.58,57913188
2019-08-30,292.4527,62831109
2019-09-03,290.75,69078772
2019-09-04,293.97,46813644
2019-09-05,297.75,83197295
2019-09-06,298.05,49510922
2019-09-09,298.2,51086154
2019-09-10,298.13,57698673
2019-09-11,300.25,68008165
2019-09-12,301.29,72546530
2019-09-13,301.09,62053458
2019-09-16,300.16,57934320
2019-09-17,300.92,42770135
2019-09-18,301.1,73875018
2019-09-19,301.08,77933334
2019-09-20,298.28,96939851
2019-09-23,298.21,47134009
2019-09-24,295.87,97160127
2019-09-25,297.62,73267803
2019-09-26,297.0,58594707
2019-09-27,295.4,84755721
2019-09-30,296.77,52438861
2019-10-01,293.24,89425082
2019-10-02,288.06,124208927
2019-10-03,290.42,85718095
2019-10-04,294.35,66737063
2019-10-07,293.08,60549809
2019-10-08,288.53,101367099
2019-10-09,291.27,64341784
2019-10-10,293.24,54459839
2019-10-11,296.28,101099695
2019-10-14,295.95,40467320
2019-10-15,298.88,48123837
2019-10-16,298.4,50293197
2019-10-17,299.28,46676445
2019-10-18,297.97,64293228
2019-10-21,299.99,39388285
2019-10-22,299.01,49028214
2019-10-23,299.88,34857719
2019-10-24,300.37,35688865
2019-10-25,301.6,45145150
2019-10-28,303.3,42076051
2019-10-29,303.21,44201626
2019-10-30,304.14,49542312
2019-10-31,303.33,68955393
2019-11-01,306.14,71071915
2019-11-04,307.37,60270655
2019-11-05,307.03,42809998
2019-11-06,307.1,46402927
2019-11-07,308.18,53823043
2019-11-08,308.94,49019213
2019-11-11,308.35,35775777
2019-11-12,309.0,46141997
2019-11-13,309.1,54261698
2019-11-14,309.55,51148052
2019-11-15,311.79,61990853
2019-11-18,312.02,49285964
2019-11-19,311.93,67663099
2019-11-20,310.77,79200298
2019-11-21,310.27,54403450
2019-11-22,310.96,44803329
2019-11-25,313.37,48606151
2019-11-26,314.08,37515200
2019-11-27,315.48,44260649
2019-11-29,314.31,36592740
2019-12-02,311.64,75719967
2019-12-03,309.55,74784721
2019-12-04,311.46,49007961
2019-12-05,312.02,40657041
2019-12-06,314.87,48926121
2019-12-09,313.88,34788380
2019-12-10,313.53,52609340
2019-12-11,314.42,46889653
2019-12-12,317.13,96035635
2019-12-13,317.32,81489263
2019-12-16,319.5,82723814
2019-12-17,319.57,61062693
2019-12-18,319.59,48721894
2019-12-19,320.9,85248597
2019-12-20,320.73,149214080
2019-12-23,321.22,52980805
2019-12-24,321.23,20270007
2019-12-26,322.94,30854382
2019-12-27,322.86,42523486
2019-12-30,321.08,49652827
2019-12-31,321.86,57059907
2020-01-02,324.87,59037072
2020-01-03,322.41,77708081
2020-01-06,323.64,55596982
2020-01-07,322.73,40461249
2020-01-08,324.45,68177241
2020-01-09,326.65,48421935
2020-01-10,325.71,53028660
2020-01-13,327.95,47026115
2020-01-14,327.45,62784185
2020-01-15,328.19,71870739
2020-01-16,330.92,53788867
2020-01-17,331.95,95778839
2020-01-21,331.3,77624157
2020-01-22,331.34,48705035
2020-01-23,331.72,51828259
2020-01-24,328.77,87465785
2020-01-27,323.5,83797934
2020-01-28,326.89,63519891
2020-01-29,326.62,53714641
2020-01-30,327.68,75184385
2020-01-31,321.73,113659402
2020-02-03,324.12,68931216
2020-02-04,329.06,61704740
2020-02-05,332.86,64864742
2020-02-06,333.98,49982975
2020-02-07,332.2,64074382
2020-02-10,334.68,41779456
2020-02-11,335.26,54773045
2020-02-12,337.42,42844434
2020-02-13,337.06,54038002
2020-02-14,337.6,64518123
2020-02-18,336.73,57195407
2020-02-19,338.34,48587393
2020-02-20,336.95,73891268
2020-02-21,333.48,113656552
2020-02-24,322.42,160991237
2020-02-25,312.65,217564684
2020-02-26,311.5,192818004
2020-02-27,297.51,282544492
2020-02-28,296.26,384911854
2020-03-02,309.09,237377617
2020-03-03,300.24,298851919
2020-03-04,312.86,175893889
2020-03-05,302.46,185533970
2020-03-06,297.46,228315219
2020-03-09,274.23,305980554
2020-03-10,288.42,274894230
2020-03-11,274.36,254604444
2020-03-12,248.11,389612072
2020-03-13,269.32,326142197
2020-03-16,239.85,295019288
2020-03-17,252.8,260566279
2020-03-18,240.0,324845381
2020-03-19,240.51,288124389
2020-03-20,228.8,344276957
2020-03-23,222.95,323100167
2020-03-24,243.15,233038623
2020-03-25,246.79,297989659
2020-03-26,261.2,256107410
2020-03-27,253.42,223871285
2020-03-30,261.65,171274407
2020-03-31,257.75,193290928
2020-04-01,246.15,188373330
2020-04-02,251.83,176669824
2020-04-03,248.19,134538553
2020-04-06,264.86,186692564
2020-04-07,265.13,199187791
2020-04-08,274.03,152670223
2020-04-09,278.2,189948139
2020-04-13,275.66,114353986
2020-04-14,283.79,133510280
2020-04-15,277.76,121155983
2020-04-16,279.1,126144324
2020-04-17,286.64,146455688
2020-04-20,281.59,99323028
2020-04-21,273.04,125772551
2020-04-22,279.1,92831657
2020-04-23,279.08,103685412
2020-04-24,282.97,85042563
2020-04-27,287.05,77516422
2020-04-28,285.73,104797847
2020-04-29,293.21,118066585
2020-04-30,290.48,121537052
2020-05-01,282.79,125045778
2020-05-04,283.57,80462952
2020-05-05,286.19,79199214
2020-05-06,284.25,72980387
2020-05-07,287.68,74788296
2020-05-08,292.44,76446082
2020-05-11,292.5,78982891
2020-05-12,286.67,94484342
2020-05-13,281.6,144035915
2020-05-14,284.97,121473094
2020-05-15,286.28,111015834
2020-05-18,295.0,119719465
2020-05-19,291.97,94317356
2020-05-20,296.93,85279592
2020-05-21,294.88,77863922
2020-05-22,295.44,63697627
2020-05-26,299.08,88604807
2020-05-27,303.53,104086252
2020-05-28,302.97,90232213
2020-05-29,304.32,119067393
2020-06-01,305.55,55696013
2020-06-02,308.08,73635043
2020-06-03,312.18,91750087
2020-06-04,311.36,75471787
2020-06-05,319.34,150302461
2020-06-08,323.2,73310274
2020-06-09,320.79,77174695
2020-06-10,319.0,93944722
2020-06-11,300.61,208285190
2020-06-12,304.21,194450402
2020-06-15,307.05,134968796
2020-06-16,312.96,137048347
2020-06-17,311.66,82814592
2020-06-18,311.78,80355844
2020-06-19,308.64,135211345
2020-06-22,310.62,74007212
2020-06-23,312.05,68066900
2020-06-24,304.09,132067392
2020-06-25,307.35,88966079
2020-06-26,300.05,127811745
2020-06-29,304.46,79411577
2020-06-30,308.36,112828251
2020-07-01,310.52,71910372
2020-07-02,312.23,69214995
2020-07-06,317.05,61149258
2020-07-07,313.78,82583406
2020-07-08,316.18,54202602
2020-07-09,314.38,83079092
2020-07-10,317.59,57454436
2020-07-13,314.84,102549097
2020-07-14,318.92,92791839
2020-07-15,321.85,86921534
2020-07-16,320.79,54433414
2020-07-17,321.72,64421802
2020-07-20,324.32,56150230
2020-07-21,325.01,57245315
2020-07-22,326.86,57544452
2020-07-23,322.96,75564104
2020-07-24,320.88,73784253
2020-07-27,323.22,48120593
2020-07-28,321.17,57358517
2020-07-29,325.12,48311447
2020-07-30,323.96,61488306
2020-07-31,326.52,84971566
2020-08-03,328.79,52960449
2020-08-04,330.06,41670062
2020-08-05,332.11,42721487
2020-08-06,334.33,43528383
2020-08-07,334.57,57232209
2020-08-10,335.57,43858140
2020-08-11,332.8,69079473
2020-08-12,337.44,53717285
2020-08-13,336.83,41648531
2020-08-14,336.84,47235830
2020-08-17,337.91,35268645
2020-08-18,338.64,38613268
2020-08-19,337.23,67780680
2020-08-20,338.28,42018356
2020-08-21,339.48,55067460
2020-08-24,342.92,48392385
2020-08-25,344.12,38323825
2020-08-26,347.57,50614415
2020-08-27,348.33,57874325
2020-08-28,350.58,48471618
2020-08-31,349.31,65880282
2020-09-01,352.6,54878241
2020-09-02,357.7,69289967
2020-09-03,345.39,147331052
2020-09-04,342.57,139050726
2020-09-08,333.21,113175601
2020-09-09,339.79,90487209
2020-09-10,333.89,90308318
2020-09-11,334.06,84625708
2020-09-14,338.46,65339233
2020-09-15,340.17,52723858
2020-09-16,338.82,82026784
2020-09-17,335.84,91253235
2020-09-18,330.65,105778275
2020-09-21,326.97,98947307
2020-09-22,330.3,63387489
2020-09-23,322.64,92413677
2020-09-24,323.5,76447251
2020-09-25,328.73,70994467
2020-09-28,334.19,64343534
2020-09-29,332.37,51252801
2020-09-30,334.89,103429944
2020-10-01,337.04,88247637
2020-10-02,333.84,89197169
2020-10-05,339.76,45479113
2020-10-06,334.93,89427438
2020-10-07,340.76,56804789
2020-10-08,343.78,44791050
2020-10-09,346.85,59442159
2020-10-12,352.43,80213667
2020-10-13,350.13,73104042
2020-10-14,347.93,57667512
2020-10-15,347.5,60110712
2020-10-16,347.29,89365349
2020-10-19,342.01,68105062
2020-10-20,343.38,60528214
2020-10-21,342.73,62962684
2020-10-22,344.61,55195327
2020-10-23,345.78,49076459
2020-10-26,339.39,91097668
2020-10-27,338.22,65498368
2020-10-28,326.66,126587320
2020-10-29,329.98,90058126
2020-10-30,326.54,120273295
2020-11-02,330.2,85762360
2020-11-03,336.03,91206668
2020-11-04,343.54,126447049
2020-11-05,350.24,81130176
2020-11-06,350.16,74861233
2020-11-09,354.56,171657520
2020-11-10,354.04,85128759
2020-11-11,356.67,58212209
2020-11-12,353.21,67507704
2020-11-13,358.1,62869342
2020-11-16,362.57,73883690
2020-11-17,360.62,65799745
2020-11-18,356.28,70248410
2020-11-19,357.78,58706307
2020-11-20,355.33,70397637
2020-11-23,357.46,62600765
2020-11-24,363.22,61936834
2020-11-25,362.66,47697035
2020-11-27,363.67,28514072
2020-11-30,362.06,83263669
2020-12-01,366.02,74071535
2020-12-02,366.79,45730228
2020-12-03,366.69,62573520
2020-12-04,369.85,50683910
2020-12-07,369.09,48688807
2020-12-08,370.17,42050942
2020-12-09,366.85,73910295
2020-12-10,366.73,57571461
2020-12-11,366.3,57635696
2020-12-14,364.66,68955094
2020-12-15,369.59,63757779
2020-12-16,370.17,58259306
2020-12-17,372.24,63975083
2020-12-18,369.18,134859608
2020-12-21,367.86,96001141
2020-12-22,367.24,47924878
2020-12-23,367.57,46017000
2020-12-24,369.0,26457853
2020-12-28,372.17,38819442
2020-12-29,371.46,53488413
2020-12-30,371.99,49371084
2020-12-31,373.88,78460847
2021-01-04,368.79,109895248
2021-01-05,371.33,65933390
2021-01-06,373.55,106584393
2021-01-07,379.1,68370104
2021-01-08,381.26,71621384
2021-01-11,378.69,50959417
2021-01-12,378.77,52431698
2021-01-13,379.79,44998111
2021-01-14,378.46,49658211
2021-01-15,375.7,106950042
2021-01-19,378.65,50947554
2021-01-20,383.89,61591623
2021-01-21,384.24,47879222
2021-01-22,382.88,52004127
2021-01-25,384.39,70171998
2021-01-26,383.79,42235069
2021-01-27,374.41,122536313
2021-01-28,377.63,93773398
2021-01-29,370.07,126601429
2021-02-01,376.23,75411978
2021-02-02,381.55,63804009
2021-02-03,381.85,51991929
2021-02-04,386.19,46906736
2021-02-05,387.71,48617945
2021-02-08,390.51,37887680
2021-02-09,390.25,35432483
2021-02-10,390.08,58679398
2021-02-11,390.71,42636902
2021-02-12,392.64,50445601
2021-02-16,392.3,50591044
2021-02-17,392.39,52577673
2021-02-18,390.72,59504656
2021-02-19,390.03,83131146
2021-02-22,387.03,67037479
2021-02-23,387.5,106784202
2021-02-24,391.77,72175134
2021-02-25,382.33,145861445
2021-02-26,380.36,152515934
2021-03-01,389.58,104868878
2021-03-02,386.54,79257736
2021-03-03,381.42,119377351
2021-03-04,376.7,182750121
2021-03-05,383.63,151947829
2021-03-08,381.72,122821473
2021-03-09,387.17,113384705
2021-03-10,389.58,109578581
2021-03-11,393.53,85942671
2021-03-12,394.06,64605404
2021-03-15,396.41,73359180
2021-03-16,395.91,73563598
2021-03-17,397.26,97490129
2021-03-18,391.48,115061371
2021-03-19,389.48,113538246
2021-03-22,392.59,73478843
2021-03-23,389.5,90295602
2021-03-24,387.52,97307495
2021-03-25,389.7,115819990
2021-03-26,395.98,113004977
2021-03-29,395.78,107950258
2021-03-30,394.73,76063403
2021-03-31,396.33,112637562
2021-04-01,400.61,99561023
2021-04-05,406.36,91531401
2021-04-06,406.12,61764823
2021-04-07,406.59,55602070
2021-04-08,408.52,57708004
2021-04-09,411.49,61050476
2021-04-12,411.64,56606037
2021-04-13,412.86,56407742
2021-04-14,411.45,61470392
2021-04-15,415.87,60068179
2021-04-16,417.26,81977568
2021-04-19,415.21,78253813
2021-04-20,412.17,81734548
2021-04-21,416.07,66278473
2021-04-22,412.27,97345662
2021-04-23,416.74,73190644
2021-04-26,417.61,52071760
2021-04-27,417.52,51207385
2021-04-28,417.4,51067861
2021-04-29,420.06,78235850
2021-04-30,417.3,85438751
2021-05-03,418.2,68059131
2021-05-04,415.62,101405337
2021-05-05,415.75,39766516
2021-05-06,419.07,73785226
2021-05-07,422.12,67665550
2021-05-10,417.94,81590940
2021-05-11,414.21,116730491
2021-05-12,405.41,134501239
2021-05-13,410.28,106176483
2021-05-14,416.58,82116172
2021-05-17,415.52,64894713
2021-05-18,411.94,59156797
2021-05-19,410.86,106322020
2021-05-20,415.28,77701442
2021-05-21,414.94,76503496
2021-05-24,419.17,51244581
2021-05-25,418.24,57317554
2021-05-26,419.07,42961526
2021-05-27,419.29,56564265
2021-05-28,420.04,58481347
2021-06-01,419.67,54046290
2021-06-02,420.33,48963529
2021-06-03,418.77,58051341
2021-06-04,422.6,55904606
2021-06-07,422.19,51410759
2021-06-08,422.28,47044569
2021-06-09,421.65,48327939
2021-06-10,423.61,50944876
2021-06-11,424.31,45531125
2021-06-14,425.26,42182624
2021-06-15,424.48,51437531
2021-06-16,422.11,80180171
2021-06-17,421.97,90822202
2021-06-18,414.92,118540258
2021-06-21,420.86,72663528
2021-06-22,423.11,57542673
2021-06-23,422.6,49325332
2021-06-24,425.1,45017888
2021-06-25,426.61,58055071
2021-06-28,427.47,52999843
2021-06-29,427.7,35906853
2021-06-30,428.06,64715126
2021-07-01,430.43,53355724
2021-07-02,433.72,57677437
2021-07-06,432.93,68649124
2021-07-07,434.46,63416603
2021-07-08,430.92,97474530
2021-07-09,435.52,76172391
2021-07-12,437.08,52816541
2021-07-13,435.59,52749759
2021-07-14,436.24,63980764
2021-07-15,434.75,54960051
2021-07-16,431.34,75770228
2021-07-19,424.97,147621845
2021-07-20,431.06,99467729
2021-07-21,434.55,64535777
2021-07-22,435.46,47799782
2021-07-23,439.94,63728627
2021-07-26,441.02,43624057
2021-07-27,439.01,67277189
2021-07-28,438.83,52393179
2021-07-29,440.65,47226700
2021-07-30,438.51,68886510
2021-08-02,437.59,58643425
2021-08-03,441.15,57941151
2021-08-04,438.98,46586717
2021-08-05,441.76,38881646
2021-08-06,442.49,46740792
2021-08-09,442.13,40879010
2021-08-10,442.68,43256166
2021-08-11,443.78,43975545
2021-08-12,445.11,38899214
2021-08-13,445.92,39386813
2021-08-16,446.97,73629881
2021-08-17,444.04,92410022
2021-08-18,439.18,88752030
2021-08-19,439.86,92486728
2021-08-20,443.36,71974868
2021-08-23,447.26,54881722
2021-08-24,447.97,38537671
2021-08-25,448.91,40445719
2021-08-26,446.26,57345958
2021-08-27,450.25,77186885
2021-08-30,452.23,48224255
2021-08-31,451.56,58631140
2021-09-01,451.8,48667698
2021-09-02,453.19,42479834
2021-09-03,453.08,47155405
2021-09-07,451.46,51477698
2021-09-08,450.91,56092572
2021-09-09,448.98,57569115
2021-09-10,445.44,89815996
2021-09-13,446.58,83574373
2021-09-14,444.17,77843235
2021-09-15,447.88,78594879
2021-09-16,447.17,77614457
2021-09-17,441.4,118079136
2021-09-20,434.04,165823914
2021-09-21,433.63,92368752
2021-09-22,437.86,101567181
2021-09-23,443.18,76238216
2021-09-24,443.91,62014843
2021-09-27,442.64,61221513
2021-09-28,433.72,128341327
2021-09-29,434.45,82102466
2021-09-30,429.14,140084658
2021-10-01,434.24,129162348
2021-10-04,428.64,128320235
2021-10-05,433.1,90379503
2021-10-06,434.9,112594324
2021-10-07,438.66,72304488
2021-10-08,437.86,74488516
2021-10-11,434.69,64965761
2021-10-12,433.62,70987440
2021-10-13,435.18,72818323
2021-10-14,442.5,70110973
2021-10-15,445.87,66219398
2021-10-18,447.19,62069232
2021-10-19,450.64,46859167
2021-10-20,452.41,49369392
2021-10-21,453.59,41167937
2021-10-22,453.12,58749806
2021-10-25,455.55,45124658
2021-10-26,455.96,55933202
2021-10-27,453.94,72263547
2021-10-28,458.32,51074817
2021-10-29,459.25,70102583
2021-11-01,460.04,48302712
2021-11-02,461.9,48800836
2021-11-03,464.72,52331361
2021-11-04,466.91,52703117
2021-11-05,468.53,66319829
2021-11-08,468.93,50239635
2021-11-09,467.38,50952751
2021-11-10,463.62,69222364
2021-11-11,463.77,34703506
2021-11-12,467.27,53422571
2021-11-15,467.43,46799977
2021-11-16,469.28,48675247
2021-11-17,468.14,47362632
2021-11-18,469.73,50496691
2021-11-19,468.89,57286086
2021-11-22,467.57,72566163
2021-11-23,468.19,73093920
2021-11-24,469.44,61796860
2021-11-26,458.97,112669636
2021-11-29,464.6,85615337
2021-11-30,455.56,148060767
2021-12-01,450.5,131826934
2021-12-02,457.4,127263724
2021-12-03,453.42,137115345
2021-12-06,458.79,98800899
2021-12-07,468.28,94488145
2021-12-08,469.52,72113171
2021-12-09,466.35,61177455
2021-12-10,470.74,76938003
2021-12-13,466.57,87575650
2021-12-14,463.36,97109342
2021-12-15,470.6,116481717
2021-12-16,466.45,116048052
2021-12-17,459.87,135500227
2021-12-20,454.98,106753957
2021-12-21,463.06,69216331
2021-12-22,467.69,58790256
2021-12-23,470.6,56378653
2021-12-27,477.26,56659505
2021-12-28,476.87,47153836
2021-12-29,477.48,54270803
2021-12-30,476.16,55086856
2021-12-31,474.96,65207243
