"Date","Price","Open","High","Low","Vol.","Change %"
"03/07/2023","43.77","42.93","44.16","42.24","2.93M","308.68%"
"03/06/2023","10.71","10.81","10.86","10.68","8.33M","-1.74%"
"03/03/2023","10.90","11.10","11.16","10.86","10.87M","-2.85%"
"03/02/2023","11.22","11.86","11.88","11.22","9.13M","-3.69%"
"03/01/2023","11.65","11.61","11.92","11.43","9.49M","0.95%"
"02/28/2023","11.54","11.78","11.79","11.42","6.83M","-2.04%"
"02/27/2023","11.78","11.95","11.95","11.67","9.06M","-3.84%"
"02/24/2023","12.25","12.24","12.55","12.15","12.77M","3.90%"
"02/23/2023","11.79","11.96","12.35","11.72","11.37M","-3.52%"
"02/22/2023","12.22","12.63","12.77","12.14","11.09M","-2.86%"
"02/21/2023","12.58","12.24","12.68","12.08","12.88M","7.80%"
"02/17/2023","11.67","11.87","12.14","11.65","11.68M","-0.09%"
"02/16/2023","11.68","11.39","11.68","11.14","13.76M","5.51%"
"02/15/2023","11.07","11.33","11.36","11.06","6.91M","-2.04%"
"02/14/2023","11.30","11.55","11.72","11.15","10.20M","-3.34%"
"02/13/2023","11.69","11.99","12.04","11.68","7.12M","-3.94%"
"02/10/2023","12.17","12.24","12.49","12.06","10.53M","1.16%"
"02/09/2023","12.03","11.45","12.08","11.35","9.37M","3.17%"
"02/08/2023","11.66","11.37","11.88","11.20","9.49M","3.74%"
"02/07/2023","11.24","11.69","11.71","11.14","8.66M","-3.10%"
"02/06/2023","11.60","11.47","11.65","11.36","6.07M","2.47%"
"02/03/2023","11.32","11.54","11.72","11.19","11.48M","0.98%"
"02/02/2023","11.21","10.72","11.53","10.64","12.58M","2.09%"
"02/01/2023","10.98","11.29","11.58","10.85","10.46M","-3.00%"
"01/31/2023","11.32","11.59","11.67","11.23","6.75M","-2.25%"
"01/30/2023","11.58","11.57","11.80","11.48","9.21M","2.48%"
"01/27/2023","11.30","11.50","11.50","11.06","9.46M","-1.31%"
"01/26/2023","11.45","11.49","11.73","11.40","7.94M","-1.55%"
"01/25/2023","11.63","11.99","12.35","11.57","11.58M","0.17%"
"01/24/2023","11.61","12.14","12.17","11.56","8.40M","-3.89%"
"01/23/2023","12.08","12.17","12.26","12.01","6.98M","-0.74%"
"01/20/2023","12.17","12.51","12.65","12.11","8.38M","-3.57%"
"01/19/2023","12.62","12.88","13.04","12.44","10.54M","0.56%"
"01/18/2023","12.55","12.00","12.64","11.92","11.38M","3.55%"
"01/17/2023","12.12","12.21","12.32","12.01","6.83M","0.83%"
"01/13/2023","12.02","12.42","12.42","11.91","9.58M","-2.51%"
"01/12/2023","12.33","12.72","12.90","12.31","10.62M","-4.93%"
"01/11/2023","12.97","12.82","13.04","12.81","6.47M","0.46%"
"01/10/2023","12.91","13.55","13.55","12.87","5.90M","-4.16%"
"01/09/2023","13.47","13.32","13.61","13.20","6.15M","0.52%"
"01/06/2023","13.40","13.46","13.63","13.19","7.12M","-2.33%"
"01/05/2023","13.72","13.75","13.94","13.65","6.15M","0.81%"
"01/04/2023","13.61","13.88","14.00","13.58","5.43M","-2.72%"
"01/03/2023","13.99","14.00","14.50","13.90","6.05M","-0.92%"
"12/30/2022","14.12","14.30","14.44","14.10","6.54M","-0.07%"
"12/29/2022","14.13","14.10","14.17","13.95","3.74M","-1.26%"
"12/28/2022","14.31","14.21","14.40","13.95","5.39M","-0.21%"
"12/27/2022","14.34","14.36","14.64","14.25","5.01M","-0.07%"
"12/23/2022","14.35","14.75","14.86","14.24","6.24M","-2.71%"
"12/22/2022","14.75","14.08","15.42","14.03","11.27M","5.43%"
"12/21/2022","13.99","14.22","14.26","13.91","5.43M","-3.78%"
"12/20/2022","14.54","14.70","14.94","14.36","4.92M","-0.75%"
"12/19/2022","14.65","14.94","14.95","14.40","8.25M","-2.40%"
"12/16/2022","15.01","15.29","15.48","14.82","7.89M","0.33%"
"12/15/2022","14.96","14.35","15.28","14.24","10.78M","6.25%"
"12/14/2022","14.08","14.55","14.72","13.99","7.83M","-3.43%"
"12/13/2022","14.58","14.36","15.13","14.31","7.62M","-4.14%"
"12/12/2022","15.21","15.27","15.39","15.06","5.83M","-0.59%"
"12/09/2022","15.30","15.06","15.35","14.93","4.75M","2.14%"
"12/08/2022","14.98","15.27","15.43","14.86","4.67M","-2.03%"
"12/07/2022","15.29","15.18","15.41","15.03","8.11M","1.46%"
"12/06/2022","15.07","14.59","15.19","14.42","8.06M","3.01%"
"12/05/2022","14.63","14.57","14.93","14.33","6.89M","1.74%"
"12/02/2022","14.38","14.94","14.97","14.34","7.94M","-1.78%"
"12/01/2022","14.64","14.88","15.19","14.62","5.95M","-1.88%"
"11/30/2022","14.92","15.50","15.77","14.79","7.81M","-3.68%"
"11/29/2022","15.49","15.65","15.83","15.42","3.71M","-1.46%"
"11/28/2022","15.72","15.47","15.85","15.28","5.27M","3.69%"
"11/25/2022","15.16","15.19","15.28","15.07","1.88M","0.53%"
"11/23/2022","15.08","15.46","15.52","15.06","4.88M","-2.20%"
"11/22/2022","15.42","15.83","15.83","15.39","3.62M","-3.44%"
"11/21/2022","15.97","16.44","16.48","15.93","3.45M","-2.68%"
"11/18/2022","16.41","16.45","16.77","16.39","5.05M","-1.03%"
"11/17/2022","16.58","17.14","17.17","16.54","4.20M","-0.96%"
"11/16/2022","16.74","16.97","17.08","16.70","3.97M","-2.67%"
"11/15/2022","17.20","16.58","17.69","16.55","8.83M","1.30%"
"11/14/2022","16.98","17.00","17.05","16.53","4.08M","0.00%"
"11/11/2022","16.98","17.33","17.47","16.95","4.47M","-1.34%"
"11/10/2022","17.21","17.18","17.34","16.80","6.78M","-5.49%"
"11/09/2022","18.21","17.70","18.33","17.67","4.36M","3.11%"
"11/08/2022","17.66","17.02","17.83","16.99","5.57M","2.91%"
"11/07/2022","17.16","17.25","17.42","16.98","2.98M","-1.10%"
"11/04/2022","17.35","17.18","17.72","16.83","5.27M","-1.25%"
"11/03/2022","17.57","18.16","18.39","17.42","2.86M","-2.06%"
"11/02/2022","17.94","17.61","18.03","17.31","3.73M","2.57%"
"11/01/2022","17.49","17.49","17.76","17.44","2.47M","-0.96%"
"10/31/2022","17.66","18.07","18.07","17.62","2.09M","-1.51%"
"10/28/2022","17.93","18.37","18.38","17.78","3.82M","-2.34%"
"10/27/2022","18.36","18.64","18.72","18.26","2.39M","-1.98%"
"10/26/2022","18.73","19.31","19.33","18.64","2.91M","-2.30%"
"10/25/2022","19.17","19.96","20.02","19.12","2.46M","-3.86%"
"10/24/2022","19.94","20.03","20.56","19.88","1.84M","-1.53%"
"10/21/2022","20.25","20.21","20.32","19.84","2.72M","-0.39%"
"10/20/2022","20.33","20.48","20.64","19.92","2.60M","-1.31%"
"10/19/2022","20.60","20.58","20.92","20.30","3.16M","0.78%"
"10/18/2022","20.44","20.43","20.97","20.34","3.04M","-1.92%"
"10/17/2022","20.84","20.81","20.91","20.40","3.42M","-2.84%"
"10/14/2022","21.45","20.55","21.81","20.44","4.86M","2.24%"
"10/13/2022","20.98","21.99","21.99","20.76","5.08M","-2.60%"
"10/12/2022","21.54","21.64","21.83","21.32","3.16M","-1.01%"
"10/11/2022","21.76","21.59","22.06","21.07","2.71M","1.54%"
"10/10/2022","21.43","21.06","21.95","21.02","2.34M","2.49%"
"10/07/2022","20.91","20.35","21.08","20.30","3.12M","4.08%"
"10/06/2022","20.09","19.43","20.19","19.27","1.70M","2.92%"
"10/05/2022","19.52","19.74","20.15","19.38","1.95M","0.67%"
"10/04/2022","19.39","19.36","19.65","19.18","3.53M","-3.77%"
"10/03/2022","20.15","20.48","20.66","19.76","3.69M","-5.00%"
"09/30/2022","21.21","20.70","21.21","20.02","3.03M","2.86%"
"09/29/2022","20.62","20.60","21.50","20.58","4.72M","2.74%"
"09/28/2022","20.07","20.80","21.12","19.82","4.22M","-4.20%"
"09/27/2022","20.95","20.06","21.43","19.98","3.39M","1.90%"
"09/26/2022","20.56","20.34","20.78","19.57","6.35M","3.73%"
"09/23/2022","19.82","19.26","20.84","19.26","5.64M","4.81%"
"09/22/2022","18.91","18.70","19.22","18.56","2.42M","0.27%"
"09/21/2022","18.86","18.19","18.90","17.86","3.24M","2.44%"
"09/20/2022","18.41","18.13","18.57","17.89","2.46M","2.33%"
"09/19/2022","17.99","18.94","18.97","17.85","6.51M","-9.19%"
"09/16/2022","19.81","19.68","20.00","19.65","2.67M","3.45%"
"09/15/2022","19.15","19.03","19.40","18.82","1.95M","0.31%"
"09/14/2022","19.09","18.98","19.37","18.90","1.43M","0.42%"
"09/13/2022","19.01","18.65","19.39","18.42","2.78M","4.74%"
"09/12/2022","18.15","18.25","18.33","18.03","1.90M","-1.73%"
"09/09/2022","18.47","18.20","18.48","18.02","1.54M","1.37%"
"09/08/2022","18.22","18.65","18.73","18.10","2.13M","-1.78%"
"09/07/2022","18.55","19.41","19.45","18.34","1.62M","-3.64%"
"09/06/2022","19.25","18.82","19.57","18.75","1.32M","0.84%"
"09/02/2022","19.09","19.20","19.40","18.72","2.23M","-1.80%"
"09/01/2022","19.44","19.12","19.86","19.12","1.71M","1.04%"
"08/31/2022","19.24","19.35","19.42","19.04","1.41M","-1.23%"
"08/30/2022","19.48","19.70","20.08","19.32","1.55M","-1.17%"
"08/29/2022","19.71","20.28","20.30","19.47","2.27M","-2.18%"
"08/26/2022","20.15","19.50","21.20","19.49","3.31M","2.28%"
"08/25/2022","19.70","19.52","19.75","19.21","1.24M","-0.51%"
"08/24/2022","19.80","20.15","20.16","19.59","1.48M","-1.69%"
"08/23/2022","20.14","21.12","21.19","20.06","3.37M","-5.09%"
"08/22/2022","21.22","21.62","21.65","21.02","2.40M","0.28%"
"08/19/2022","21.16","21.35","21.50","21.15","1.52M","0.09%"
"08/18/2022","21.14","21.15","21.26","21.09","1.06M","0.19%"
"08/17/2022","21.10","21.50","21.67","21.02","1.48M","-0.89%"
"08/16/2022","21.29","21.37","21.49","21.07","1.58M","-0.93%"
"08/15/2022","21.49","22.28","22.28","21.15","2.01M","-2.54%"
"08/12/2022","22.05","21.66","22.05","21.63","1.53M","1.66%"
"08/11/2022","21.69","21.44","21.86","21.08","1.52M","1.17%"
"08/10/2022","21.44","21.55","21.98","21.42","1.53M","-2.28%"
"08/09/2022","21.94","22.32","22.38","21.81","827.96K","-0.59%"
"08/08/2022","22.07","21.35","22.42","21.35","2.02M","2.65%"
"08/05/2022","21.50","21.82","21.96","21.31","1.75M","0.84%"
"08/04/2022","21.32","22.15","22.15","21.32","1.73M","-2.87%"
"08/03/2022","21.95","21.27","22.04","21.02","2.10M","1.39%"
"08/02/2022","21.65","21.93","22.02","21.27","1.86M","-0.69%"
"08/01/2022","21.80","21.48","21.80","21.00","2.55M","4.11%"
"07/29/2022","20.94","20.94","21.20","20.73","1.77M","0.58%"
"07/28/2022","20.82","21.16","21.59","20.70","2.20M","-2.30%"
"07/27/2022","21.31","21.20","21.47","20.97","2.61M","-1.66%"
"07/26/2022","21.67","21.44","21.84","21.22","3.00M","2.46%"
"07/25/2022","21.15","20.06","21.17","20.04","5.11M","-1.17%"
"07/22/2022","21.40","21.11","21.84","21.05","2.72M","0.94%"
"07/21/2022","21.20","21.58","21.75","21.14","2.39M","-1.72%"
"07/20/2022","21.57","21.74","21.77","21.38","2.02M","-1.28%"
"07/19/2022","21.85","21.48","21.85","21.35","1.79M","-0.27%"
"07/18/2022","21.91","21.24","22.04","21.12","2.23M","1.72%"
"07/15/2022","21.54","21.98","22.12","21.47","3.40M","-3.49%"
"07/14/2022","22.32","22.99","23.06","22.30","3.18M","-0.40%"
"07/13/2022","22.41","22.86","23.03","22.16","2.36M","-0.31%"
"07/12/2022","22.48","22.30","22.72","21.96","2.07M","1.22%"
"07/11/2022","22.21","22.23","22.55","21.93","2.28M","1.00%"
"07/08/2022","21.99","22.30","22.30","21.82","1.91M","-1.52%"
"07/07/2022","22.33","22.12","22.33","21.77","2.33M","0.77%"
"07/06/2022","22.16","22.58","22.94","22.16","1.78M","-1.73%"
"07/05/2022","22.55","23.14","23.52","22.52","2.54M","0.04%"
"07/01/2022","22.54","23.18","23.54","22.41","2.25M","-2.34%"
"06/30/2022","23.08","23.25","23.77","22.78","2.59M","1.05%"
"06/29/2022","22.84","23.00","23.35","22.59","2.18M","0.26%"
"06/28/2022","22.78","22.25","23.06","22.17","3.06M","0.80%"
"06/27/2022","22.60","22.89","23.17","22.50","2.37M","-2.25%"
"06/24/2022","23.12","23.09","23.25","22.80","2.92M","-1.20%"
"06/23/2022","23.40","23.42","23.94","22.88","3.09M","-1.85%"
"06/22/2022","23.84","24.85","24.91","23.53","2.78M","-2.69%"
"06/21/2022","24.50","23.85","24.50","23.63","3.30M","-0.65%"
"06/17/2022","24.66","25.15","25.59","24.41","3.17M","-2.91%"
"06/16/2022","25.40","24.96","26.09","24.79","4.76M","5.97%"
"06/15/2022","23.97","24.80","25.05","23.16","5.64M","-5.37%"
"06/14/2022","25.33","25.58","26.06","25.02","3.30M","-1.97%"
"06/13/2022","25.84","24.63","26.29","24.52","7.40M","10.76%"
"06/10/2022","23.33","23.34","24.09","22.99","7.33M","0.86%"
"06/09/2022","23.13","21.75","23.34","21.57","4.20M","6.10%"
"06/08/2022","21.80","21.75","21.96","21.40","2.28M","0.60%"
"06/07/2022","21.67","22.01","22.34","21.61","2.87M","-1.63%"
"06/06/2022","22.03","21.61","22.45","21.51","3.86M","0.64%"
"06/03/2022","21.89","22.16","22.67","21.84","3.24M","0.88%"
"06/02/2022","21.70","22.39","22.54","21.70","3.44M","-2.52%"
"06/01/2022","22.26","22.15","23.20","21.96","3.14M","-1.33%"
"05/31/2022","22.56","22.80","23.05","22.20","3.62M","0.45%"
"05/27/2022","22.46","22.72","22.87","22.20","3.28M","-3.44%"
"05/26/2022","23.26","23.39","23.42","22.89","3.25M","-1.65%"
"05/25/2022","23.65","24.40","24.45","23.10","3.00M","-1.58%"
"05/24/2022","24.03","24.40","25.00","23.92","5.00M","-0.12%"
"05/23/2022","24.06","24.81","25.63","23.33","5.76M","-3.95%"
"05/20/2022","25.05","24.90","26.50","24.73","6.75M","-1.20%"
"05/19/2022","25.35","26.29","26.86","25.28","4.41M","-2.82%"
"05/18/2022","26.09","25.30","26.47","24.52","5.19M","5.24%"
"05/17/2022","24.79","24.07","25.74","24.07","3.59M","0.41%"
"05/16/2022","24.69","26.00","26.19","24.40","4.16M","-4.93%"
"05/13/2022","25.97","26.27","26.48","25.77","3.15M","-3.56%"
"05/12/2022","26.93","27.46","28.19","26.58","3.64M","-1.28%"
"05/11/2022","27.28","27.15","27.70","26.03","2.73M","0.83%"
"05/10/2022","27.06","26.80","28.43","26.55","4.53M","-3.41%"
"05/09/2022","28.01","28.33","28.69","27.32","4.47M","3.47%"
"05/06/2022","27.07","27.40","28.46","26.64","5.87M","0.26%"
"05/05/2022","27.00","25.06","27.58","25.06","7.73M","8.65%"
"05/04/2022","24.85","26.58","26.84","24.85","4.68M","-8.13%"
"05/03/2022","27.05","27.14","27.81","26.77","2.46M","-1.64%"
"05/02/2022","27.50","28.18","29.28","27.50","5.25M","-0.76%"
"04/29/2022","27.71","26.51","28.15","26.09","6.17M","6.41%"
"04/28/2022","26.04","26.10","27.71","25.72","5.02M","-4.26%"
"04/27/2022","27.20","26.01","27.25","25.51","6.05M","3.23%"
"04/26/2022","26.35","25.23","27.16","25.21","4.75M","6.25%"
"04/25/2022","24.80","26.60","26.97","24.80","5.42M","-5.16%"
"04/22/2022","26.15","25.25","26.50","24.84","4.44M","5.19%"
"04/21/2022","24.86","24.20","25.22","24.01","2.62M","1.93%"
"04/20/2022","24.39","24.36","25.17","24.31","1.68M","-1.37%"
"04/19/2022","24.73","25.08","25.24","24.46","2.54M","-2.29%"
"04/18/2022","25.31","25.15","25.59","24.84","2.24M","1.28%"
"04/14/2022","24.99","24.52","25.07","24.15","2.93M","1.63%"
"04/13/2022","24.59","25.75","26.02","24.53","2.93M","-4.47%"
"04/12/2022","25.74","25.18","26.37","24.70","4.32M","-1.38%"
"04/11/2022","26.10","25.38","26.10","24.75","3.46M","5.80%"
"04/08/2022","24.67","24.35","25.00","23.72","2.78M","2.58%"
"04/07/2022","24.05","24.68","24.95","24.01","3.28M","-1.35%"
"04/06/2022","24.38","26.01","26.47","24.35","4.73M","-1.73%"
"04/05/2022","24.81","24.60","25.89","24.17","4.37M","1.56%"
"04/04/2022","24.43","25.01","25.28","23.99","3.59M","-2.40%"
"04/01/2022","25.03","25.57","25.89","25.00","3.07M","-2.61%"
"03/31/2022","25.70","25.33","26.02","25.21","2.95M","2.80%"
"03/30/2022","25.00","25.28","25.81","24.78","3.94M","0.60%"
"03/29/2022","24.85","25.10","25.49","24.22","5.13M","-3.42%"
"03/28/2022","25.73","25.72","30.47","25.40","10.35M","2.10%"
"03/25/2022","25.20","25.05","25.78","24.94","4.49M","0.00%"
"03/24/2022","25.20","25.02","26.03","24.75","3.57M","-1.14%"
"03/23/2022","25.49","25.90","25.99","24.48","4.82M","0.18%"
"03/22/2022","25.44","25.54","25.65","24.48","4.85M","-2.17%"
"03/21/2022","26.01","24.79","26.32","23.89","8.93M","4.04%"
"03/18/2022","25.00","27.38","27.88","24.64","9.72M","-4.40%"
"03/17/2022","26.15","26.40","27.54","25.80","8.54M","0.77%"
"03/16/2022","25.95","29.54","29.67","25.89","13.52M","-9.58%"
"03/15/2022","28.70","30.89","41.65","28.70","52.40M","-0.38%"
"03/14/2022","28.81","26.21","30.75","25.45","65.44M","9.38%"
"03/11/2022","26.34","25.03","26.43","24.99","51.12M","1.97%"
"03/10/2022","25.83","27.40","27.53","25.81","48.68M","-4.44%"
"03/09/2022","27.03","26.69","27.22","26.20","53.05M","-3.98%"
"03/08/2022","28.15","28.26","29.36","26.68","79.84M","-1.19%"
"03/07/2022","28.49","26.30","28.53","26.26","65.85M","8.74%"
"03/04/2022","26.20","26.49","27.32","26.02","61.62M","4.34%"
"03/03/2022","25.11","24.68","25.77","24.34","51.21M","0.60%"
"03/02/2022","24.96","26.31","26.49","24.70","53.03M","-6.41%"
"03/01/2022","26.67","24.65","26.97","24.32","72.26M","11.13%"
"02/28/2022","24.00","24.70","24.97","23.55","73.86M","4.58%"
"02/25/2022","22.95","23.72","24.20","22.62","65.15M","-4.08%"
"02/24/2022","23.92","27.40","27.45","23.77","108.83M","-3.14%"
"02/23/2022","24.70","22.73","24.77","22.65","75.64M","5.74%"
"02/22/2022","23.36","23.79","24.62","22.88","86.32M","-0.38%"
"02/18/2022","23.45","23.18","24.07","22.80","75.87M","2.13%"
"02/17/2022","22.96","21.71","23.09","21.62","66.85M","11.84%"
"02/16/2022","20.53","21.70","22.14","20.46","56.88M","-4.02%"
"02/15/2022","21.39","21.68","22.22","21.33","55.40M","-8.24%"
"02/14/2022","23.31","23.31","24.80","23.01","101.70M","0.30%"
"02/11/2022","23.24","20.47","23.87","20.29","116.99M","13.59%"
"02/10/2022","20.46","19.73","20.97","18.78","85.91M","9.35%"
"02/09/2022","18.71","18.94","19.15","18.71","39.64M","-4.05%"
"02/08/2022","19.50","20.22","20.59","19.41","41.79M","-4.51%"
"02/07/2022","20.42","20.50","20.74","19.97","44.28M","-2.76%"
"02/04/2022","21.00","21.52","22.16","20.30","65.16M","-3.58%"
"02/03/2022","21.78","20.64","21.97","20.09","69.16M","12.15%"
"02/02/2022","19.42","19.71","20.23","19.30","43.73M","-2.12%"
"02/01/2022","19.84","21.01","21.62","19.80","53.03M","-7.33%"
"01/31/2022","21.41","23.21","23.40","21.41","62.53M","-6.71%"
"01/28/2022","22.95","23.99","25.04","22.83","102.38M","-6.29%"
"01/27/2022","24.49","23.10","25.13","22.64","120.22M","0.70%"
"01/26/2022","24.32","22.80","24.86","21.76","143.93M","1.93%"
"01/25/2022","23.86","25.33","26.26","23.15","140.99M","0.59%"
"01/24/2022","23.72","25.01","27.84","23.27","186.45M","2.24%"
"01/21/2022","23.20","21.60","23.23","21.15","136.71M","9.23%"
"01/20/2022","21.24","19.86","21.39","19.08","70.12M","4.32%"
"01/19/2022","20.36","19.47","20.54","19.38","70.93M","2.36%"
"01/18/2022","19.89","19.25","20.04","19.21","68.91M","7.80%"
"01/14/2022","18.45","19.37","19.47","18.30","86.63M","-1.55%"
"01/13/2022","18.74","17.58","18.89","17.40","58.79M","6.30%"
"01/12/2022","17.63","17.59","17.98","17.30","43.27M","-1.07%"
"01/11/2022","17.82","18.72","19.12","17.77","52.42M","-3.52%"
"01/10/2022","18.47","19.54","20.60","18.41","92.15M","-1.86%"
"01/07/2022","18.82","19.32","19.86","18.73","52.31M","-2.89%"
"01/06/2022","19.38","19.37","19.70","18.81","65.11M","0.47%"
"01/05/2022","19.29","18.02","19.31","17.60","76.53M","7.89%"
"01/04/2022","17.88","17.76","18.42","17.71","40.59M","-0.11%"
"01/03/2022","17.90","18.28","18.65","17.86","35.08M","-3.40%"
"12/31/2021","18.53","18.65","18.85","18.37","23.37M","-0.96%"
"12/30/2021","18.71","18.61","18.88","18.29","19.78M","0.00%"
"12/29/2021","18.71","19.18","19.39","18.55","23.32M","-2.60%"
"12/28/2021","19.21","19.59","19.80","19.17","28.53M","-2.49%"
"12/27/2021","19.70","20.02","20.29","19.60","26.37M","-2.38%"
"12/23/2021","20.18","20.20","20.28","19.95","31.66M","-1.13%"
"12/22/2021","20.41","21.61","21.61","20.39","31.23M","-5.77%"
"12/21/2021","21.66","22.03","22.56","21.41","37.88M","-4.92%"
"12/20/2021","22.78","24.00","24.87","22.60","73.13M","3.69%"
"12/17/2021","21.97","22.11","22.62","21.12","69.65M","3.19%"
"12/16/2021","21.29","20.06","21.98","19.96","79.39M","4.21%"
"12/15/2021","20.43","22.13","23.01","20.35","72.30M","-6.84%"
"12/14/2021","21.93","22.35","23.01","21.73","51.08M","1.34%"
"12/13/2021","21.64","20.98","21.85","20.93","41.97M","4.14%"
"12/10/2021","20.78","21.14","21.84","20.73","46.29M","-6.40%"
"12/09/2021","22.20","21.59","22.64","21.24","49.14M","3.16%"
"12/08/2021","21.52","22.70","23.03","21.52","25.01M","-6.03%"
"12/07/2021","22.90","24.28","24.29","22.60","43.90M","-11.17%"
"12/06/2021","25.78","26.97","27.93","25.64","71.17M","-7.80%"
"12/03/2021","27.96","25.50","30.15","25.30","132.63M","8.71%"
"12/02/2021","25.72","26.45","26.94","25.18","57.07M","-5.79%"
"12/01/2021","27.30","23.63","27.37","22.75","70.31M","7.23%"
"11/30/2021","25.46","23.50","25.51","23.03","71.35M","15.46%"
"11/29/2021","22.05","23.16","23.35","21.64","49.66M","-15.71%"
"11/26/2021","26.16","22.97","26.44","22.63","82.88M","27.30%"
"11/24/2021","20.55","21.35","21.74","20.42","34.76M","-1.44%"
"11/23/2021","20.85","21.33","21.74","20.77","42.16M","-2.25%"
"11/22/2021","21.33","20.53","21.42","20.42","39.62M","1.77%"
"11/19/2021","20.96","20.81","21.20","20.51","31.52M","1.21%"
"11/18/2021","20.71","20.30","20.98","20.22","24.91M","0.93%"
"11/17/2021","20.52","20.13","20.60","19.99","23.20M","1.63%"
"11/16/2021","20.19","20.26","20.29","19.86","19.40M","0.35%"
"11/15/2021","20.12","20.11","20.80","20.10","20.32M","-1.18%"
"11/12/2021","20.36","20.76","20.95","20.28","22.15M","-3.69%"
"11/11/2021","21.14","21.10","21.34","20.68","18.32M","-2.13%"
"11/10/2021","21.60","21.67","22.10","20.83","53.77M","1.84%"
"11/09/2021","21.21","21.02","21.71","20.98","36.98M","1.68%"
"11/08/2021","20.86","20.52","21.25","20.45","25.12M","0.14%"
"11/05/2021","20.83","19.90","20.93","19.82","36.40M","3.89%"
"11/04/2021","20.05","19.60","20.38","19.47","32.79M","1.16%"
"11/03/2021","19.82","20.59","20.69","19.66","39.75M","-3.46%"
"11/02/2021","20.53","21.06","21.06","20.52","20.67M","-2.70%"
"11/01/2021","21.10","21.22","21.88","21.05","21.84M","-1.59%"
"10/29/2021","21.44","21.80","21.86","21.26","26.63M","0.80%"
"10/28/2021","21.27","21.54","21.65","21.20","20.55M","-3.10%"
"10/27/2021","21.95","21.38","22.04","20.91","34.15M","2.24%"
"10/26/2021","21.47","20.81","21.93","20.79","31.20M","1.95%"
"10/25/2021","21.06","21.50","21.91","21.03","28.53M","-2.95%"
"10/22/2021","21.70","21.30","22.20","21.06","36.42M","2.26%"
"10/21/2021","21.22","22.11","22.19","21.20","25.90M","-3.33%"
"10/20/2021","21.95","22.20","22.26","21.88","25.65M","-0.90%"
"10/19/2021","22.15","22.22","22.42","22.00","25.08M","-0.98%"
"10/18/2021","22.37","23.16","23.21","22.34","21.15M","-1.84%"
"10/15/2021","22.79","22.61","22.94","22.18","29.41M","-0.09%"
"10/14/2021","22.81","23.35","23.46","22.79","33.95M","-5.51%"
"10/13/2021","24.14","24.46","24.98","24.10","38.54M","-1.91%"
"10/12/2021","24.61","24.72","25.19","24.34","24.72M","-2.03%"
"10/11/2021","25.12","25.00","25.14","24.16","26.81M","1.33%"
"10/08/2021","24.79","24.95","25.19","24.60","32.69M","-1.86%"
"10/07/2021","25.26","25.70","25.73","25.18","27.07M","-3.62%"
"10/06/2021","26.21","27.20","28.25","26.15","52.53M","-1.28%"
"10/05/2021","26.55","27.35","27.53","26.04","32.80M","-3.70%"
"10/04/2021","27.57","26.84","28.50","26.63","56.77M","2.80%"
"10/01/2021","26.82","27.23","28.19","26.15","42.13M","-3.63%"
"09/30/2021","27.83","27.08","28.32","26.45","59.46M","0.07%"
"09/29/2021","27.81","27.28","28.03","26.92","45.60M","1.46%"
"09/28/2021","27.41","25.90","27.97","25.64","76.19M","10.44%"
"09/27/2021","24.82","24.74","25.04","24.37","26.04M","0.98%"
"09/24/2021","24.58","25.98","26.03","24.53","34.22M","-3.08%"
"09/23/2021","25.36","26.18","26.23","25.26","47.09M","-6.32%"
"09/22/2021","27.07","27.92","28.31","26.49","55.00M","-6.20%"
"09/21/2021","28.86","28.87","30.36","28.22","54.07M","-2.96%"
"09/20/2021","29.74","29.00","32.40","28.26","101.85M","10.93%"
"09/17/2021","26.81","25.30","26.90","25.13","45.55M","6.47%"
"09/16/2021","25.18","25.55","26.16","24.91","36.47M","-0.98%"
"09/15/2021","25.43","25.98","26.53","25.24","33.43M","-3.89%"
"09/14/2021","26.46","25.69","26.89","25.52","41.91M","1.42%"
"09/13/2021","26.09","25.88","27.31","25.77","45.58M","-3.58%"
"09/10/2021","27.06","25.15","27.22","24.92","37.10M","3.88%"
"09/09/2021","26.05","25.70","26.15","24.96","29.23M","2.12%"
"09/08/2021","25.51","26.04","26.44","25.45","28.29M","-0.16%"
"09/07/2021","25.55","25.11","25.78","25.09","23.41M","2.45%"
"09/03/2021","24.94","25.20","25.43","24.73","27.33M","0.69%"
"09/02/2021","24.77","24.55","25.25","24.53","24.48M","-0.20%"
"09/01/2021","24.82","25.33","25.55","24.65","19.21M","-2.63%"
"08/31/2021","25.49","25.72","25.97","25.45","15.95M","-0.39%"
"08/30/2021","25.59","25.54","25.88","25.42","18.91M","-1.01%"
"08/27/2021","25.85","26.84","26.85","25.65","26.68M","-5.14%"
"08/26/2021","27.25","26.48","27.57","26.27","35.94M","4.29%"
"08/25/2021","26.13","26.64","26.75","26.04","14.73M","-2.17%"
"08/24/2021","26.71","26.65","26.92","26.54","16.86M","-0.37%"
"08/23/2021","26.81","26.96","26.96","26.37","23.76M","-3.42%"
"08/20/2021","27.76","29.56","29.71","27.53","34.26M","-7.53%"
"08/19/2021","30.02","30.44","30.88","28.94","73.95M","3.27%"
"08/18/2021","29.07","27.58","29.32","27.18","38.17M","6.87%"
"08/17/2021","27.20","27.17","28.56","26.77","52.00M","3.34%"
"08/16/2021","26.32","26.93","27.48","26.32","32.55M","0.15%"
"08/13/2021","26.28","25.87","26.39","25.75","16.97M","0.15%"
"08/12/2021","26.24","26.96","27.05","25.94","18.45M","-2.02%"
"08/11/2021","26.78","27.29","27.53","26.68","19.71M","-2.72%"
"08/10/2021","27.53","27.67","27.92","27.23","17.54M","-1.71%"
"08/09/2021","28.01","28.25","28.55","27.77","20.83M","-1.02%"
"08/08/2021","28.30","28.30","28.30","28.30","","0.00%"
"08/07/2021","28.30","28.30","28.30","28.30","","0.00%"
"08/06/2021","28.30","28.75","28.93","28.27","19.03M","-2.58%"
"08/05/2021","29.05","29.47","29.51","29.02","18.18M","-2.42%"
"08/04/2021","29.77","30.39","30.48","29.48","17.49M","-0.13%"
"08/03/2021","29.81","30.90","31.70","29.80","28.97M","-5.00%"
"08/02/2021","31.38","29.87","31.54","29.76","22.80M","3.87%"
"07/30/2021","30.21","30.60","30.60","29.52","21.89M","2.44%"
"07/29/2021","29.49","29.79","29.82","29.29","15.72M","-1.67%"
"07/28/2021","29.99","30.52","31.42","29.56","30.24M","-2.82%"
"07/27/2021","30.86","30.57","32.42","30.57","39.80M","3.38%"
"07/26/2021","29.85","30.74","31.05","29.85","20.69M","-1.58%"
"07/23/2021","30.33","29.82","30.44","29.74","23.22M","-0.46%"
"07/22/2021","30.47","30.07","30.93","29.72","24.61M","1.77%"
"07/21/2021","29.94","31.19","31.36","29.87","24.34M","-6.35%"
"07/20/2021","31.97","34.62","35.22","31.54","35.42M","-8.42%"
"07/19/2021","34.91","32.35","37.04","32.05","79.13M","14.27%"
"07/16/2021","30.55","28.69","30.62","28.51","26.68M","4.16%"
"07/15/2021","29.33","29.64","30.00","29.15","32.81M","1.45%"
"07/14/2021","28.91","28.87","29.95","28.66","27.00M","-2.30%"
"07/13/2021","29.59","29.26","29.70","28.61","22.04M","1.20%"
"07/12/2021","29.24","29.44","29.65","29.04","14.06M","-0.65%"
"07/09/2021","29.43","30.59","30.79","29.28","23.35M","-6.72%"
"07/08/2021","31.55","32.23","32.45","31.04","36.93M","6.48%"
"07/07/2021","29.63","29.30","30.60","29.20","19.60M","0.20%"
"07/06/2021","29.57","28.65","30.44","28.64","25.32M","2.28%"
"07/05/2021","28.91","28.91","28.91","28.91","","0.00%"
"07/04/2021","28.91","28.91","28.91","28.91","","0.00%"
"07/03/2021","28.91","28.91","28.91","28.91","","0.00%"
"07/02/2021","28.91","28.23","29.10","28.07","27.16M","-0.24%"
"07/01/2021","28.98","29.11","29.41","28.94","17.96M","-1.63%"
"06/30/2021","29.46","30.00","30.16","29.19","19.10M","-1.04%"
"06/29/2021","29.77","28.98","29.80","28.91","14.23M","2.13%"
"06/28/2021","29.15","28.93","29.63","28.85","17.05M","0.00%"
"06/25/2021","29.15","29.56","29.90","29.15","15.93M","-1.85%"
"06/24/2021","29.70","29.50","29.86","29.44","14.29M","-1.95%"
"06/23/2021","30.29","30.43","30.59","29.97","15.04M","-1.88%"
"06/22/2021","30.87","32.72","32.88","30.87","18.50M","-5.13%"
"06/21/2021","32.54","33.45","34.48","32.04","23.11M","-6.20%"
"06/18/2021","34.69","33.43","34.86","32.54","50.29M","8.78%"
"06/17/2021","31.89","32.13","32.55","30.78","31.18M","-0.56%"
"06/16/2021","32.07","31.37","32.91","30.81","49.20M","0.88%"
"06/15/2021","31.79","31.22","32.00","31.13","21.53M","2.19%"
"06/14/2021","31.11","30.74","31.68","30.66","20.28M","0.94%"
"06/11/2021","30.82","31.06","31.16","30.58","19.85M","-2.87%"
"06/10/2021","31.73","32.77","32.98","31.65","24.33M","-5.79%"
"06/09/2021","33.68","32.81","33.91","32.77","16.13M","1.63%"
"06/08/2021","33.14","32.56","33.85","32.52","20.54M","1.07%"
"06/07/2021","32.79","33.36","33.70","32.76","14.14M","-1.80%"
"06/04/2021","33.39","34.13","34.13","33.25","19.78M","-5.28%"
"06/03/2021","35.25","35.67","36.15","34.73","24.71M","1.85%"
"06/02/2021","34.61","35.12","35.45","34.11","19.86M","-2.59%"
"06/01/2021","35.53","33.85","35.57","33.68","19.16M","2.39%"
"05/28/2021","34.70","33.79","34.72","33.67","16.92M","1.58%"
"05/27/2021","34.16","35.48","35.52","33.97","18.91M","-4.85%"
"05/26/2021","35.90","37.13","37.25","35.76","22.88M","-4.77%"
"05/25/2021","37.70","37.47","38.35","37.38","18.78M","-0.08%"
"05/24/2021","37.73","38.67","38.70","37.31","15.66M","-4.43%"
"05/21/2021","39.48","39.33","40.02","38.85","24.67M","-1.28%"
"05/20/2021","39.99","41.15","41.74","39.61","29.56M","-5.57%"
"05/19/2021","42.35","43.29","46.27","42.06","64.81M","4.70%"
"05/18/2021","40.45","39.37","40.57","38.42","28.26M","1.45%"
"05/17/2021","39.87","39.32","41.40","38.68","33.85M","3.29%"
"05/14/2021","38.60","41.43","41.44","38.22","22.62M","-11.77%"
"05/13/2021","43.75","45.61","45.69","42.73","43.26M","-9.61%"
"05/12/2021","48.40","42.82","49.93","42.70","72.18M","17.45%"
"05/11/2021","41.21","40.53","42.15","39.30","40.35M","7.46%"
"05/10/2021","38.35","36.68","38.40","36.04","24.61M","4.38%"
"05/07/2021","36.74","38.92","39.03","36.58","18.43M","-5.67%"
"05/06/2021","38.95","39.30","40.88","38.83","22.09M","-0.61%"
"05/05/2021","39.19","39.50","40.42","38.48","20.35M","-2.54%"
"05/04/2021","40.21","39.75","42.39","39.46","35.52M","3.77%"
"05/03/2021","38.75","39.20","39.62","38.70","15.51M","-3.51%"
"04/30/2021","40.16","39.41","40.53","38.93","19.49M","4.12%"
"04/29/2021","38.57","38.15","40.17","38.00","21.68M","-0.77%"
"04/28/2021","38.87","38.84","39.39","38.49","14.36M","-0.36%"
"04/27/2021","39.01","39.59","40.24","38.84","13.86M","-2.03%"
"04/26/2021","39.82","39.77","40.43","39.63","11.53M","-0.87%"
"04/23/2021","40.17","41.37","41.58","39.28","31.22M","-3.90%"
"04/22/2021","41.80","39.32","42.56","39.08","28.04M","6.20%"
"04/21/2021","39.36","41.80","42.32","39.16","13.57M","-5.38%"
"04/20/2021","41.60","41.20","42.96","40.84","21.67M","2.26%"
"04/19/2021","40.68","39.56","41.80","39.40","20.71M","3.67%"
"04/16/2021","39.24","39.84","40.16","38.92","12.35M","-1.60%"
"04/15/2021","39.88","40.24","40.44","39.64","13.29M","-3.30%"
"04/14/2021","41.24","40.52","41.48","40.16","14.93M","2.18%"
"04/13/2021","40.36","40.68","40.84","40.00","12.16M","-0.69%"
"04/12/2021","40.64","41.56","42.36","40.64","10.43M","-1.45%"
"04/09/2021","41.24","41.68","41.94","40.56","11.98M","-0.19%"
"04/08/2021","41.32","41.36","41.76","40.92","10.66M","-1.53%"
"04/07/2021","41.96","43.08","43.22","41.76","10.05M","-2.60%"
"04/06/2021","43.08","43.04","43.38","42.32","11.13M","0.00%"
"04/05/2021","43.08","42.84","43.58","42.68","13.20M","-2.53%"
"04/01/2021","44.20","45.00","45.28","43.88","11.99M","-3.07%"
"03/31/2021","45.60","45.52","46.60","44.76","14.68M","-0.78%"
"03/30/2021","45.96","48.04","48.60","45.92","11.82M","-4.33%"
"03/29/2021","48.04","48.04","49.48","47.56","15.85M","2.30%"
"03/26/2021","46.96","48.04","49.96","46.40","19.74M","-4.01%"
"03/25/2021","48.92","50.76","53.20","48.64","18.67M","-3.01%"
"03/24/2021","50.44","48.96","50.48","47.96","11.97M","0.88%"
"03/23/2021","50.00","48.12","50.90","47.92","15.35M","4.69%"
"03/22/2021","47.76","50.48","50.76","47.40","12.06M","-6.50%"
"03/19/2021","51.08","52.84","54.24","50.80","14.36M","-3.91%"
"03/18/2021","53.16","51.44","53.64","50.40","15.64M","5.56%"
"03/17/2021","50.36","53.20","53.50","50.28","16.42M","-4.33%"
"03/16/2021","52.64","52.56","52.72","51.08","12.81M","0.00%"
"03/15/2021","52.64","55.64","56.06","52.44","12.62M","-5.66%"
"03/12/2021","55.80","57.92","58.12","55.80","11.85M","-1.90%"
"03/11/2021","56.88","57.40","57.52","56.48","10.69M","-2.47%"
"03/10/2021","58.32","57.48","58.78","57.48","11.41M","-1.29%"
"03/09/2021","59.08","59.84","60.12","58.36","13.22M","-4.03%"
"03/08/2021","61.56","60.60","62.08","59.32","17.49M","1.79%"
"03/05/2021","60.48","62.60","66.96","60.28","25.97M","-7.07%"
"03/04/2021","65.08","61.72","67.84","60.32","30.64M","4.23%"
"03/03/2021","62.44","59.44","62.60","58.92","25.53M","4.28%"
"03/02/2021","59.88","59.48","60.19","58.64","12.46M","0.88%"
"03/01/2021","59.36","60.32","60.32","58.60","13.45M","-7.42%"
"02/26/2021","64.12","64.32","69.16","62.60","30.34M","-4.53%"
"02/25/2021","67.16","59.20","68.80","58.20","38.90M","15.95%"
"02/24/2021","57.92","61.92","62.56","57.76","14.92M","-3.98%"
"02/23/2021","60.32","63.28","66.40","60.24","23.32M","-4.13%"
"02/22/2021","62.92","62.40","62.96","60.60","13.79M","4.17%"
"02/19/2021","60.40","62.08","62.26","59.68","15.57M","-3.58%"
"02/18/2021","62.64","64.08","64.88","62.00","13.72M","0.51%"
"02/17/2021","62.32","64.64","65.72","62.12","13.80M","-2.07%"
"02/16/2021","63.64","63.24","64.36","62.40","13.40M","1.08%"
"02/12/2021","62.96","65.72","65.72","62.84","12.28M","-3.32%"
"02/11/2021","65.12","65.84","68.16","65.04","12.31M","-2.34%"
"02/10/2021","66.68","65.16","68.60","65.04","16.74M","1.65%"
"02/09/2021","65.60","66.24","66.68","64.76","8.57M","0.43%"
"02/08/2021","65.32","65.52","66.52","65.32","6.54M","-0.85%"
"02/05/2021","65.88","65.68","67.24","65.64","8.67M","-0.18%"
"02/04/2021","66.00","67.52","67.68","66.00","7.63M","-4.35%"
"02/03/2021","69.00","71.16","72.24","68.88","9.37M","-5.17%"
"02/02/2021","72.76","75.64","75.84","72.00","10.60M","-8.50%"
"02/01/2021","79.52","80.36","85.16","78.42","16.28M","-5.69%"
"01/29/2021","84.32","81.16","87.04","76.76","30.79M","6.52%"
"01/28/2021","79.16","77.52","81.12","75.28","19.17M","-2.27%"
"01/27/2021","81.00","70.68","82.24","70.56","31.10M","17.73%"
"01/26/2021","68.80","67.04","68.80","64.20","12.16M","0.82%"
"01/25/2021","68.24","66.20","71.10","65.76","18.52M","4.02%"
"01/22/2021","65.60","66.32","66.70","64.80","10.74M","1.36%"
"01/21/2021","64.72","65.28","66.32","64.60","10.70M","-0.80%"
"01/20/2021","65.24","65.64","66.60","64.88","8.73M","-1.92%"
"01/19/2021","66.52","66.76","67.72","66.12","10.84M","-2.81%"
"01/15/2021","68.44","67.72","70.00","66.72","14.44M","2.58%"
"01/14/2021","66.72","65.40","67.08","64.56","9.42M","1.15%"
"01/13/2021","65.96","66.96","67.44","65.36","7.32M","-1.55%"
"01/12/2021","67.00","67.80","69.80","66.80","8.44M","-3.40%"
"01/11/2021","69.36","67.80","69.60","66.76","10.32M","6.06%"
"01/08/2021","65.40","65.60","67.76","64.92","11.11M","-0.91%"
"01/07/2021","66.00","67.20","67.48","66.00","9.77M","-5.98%"
"01/06/2021","70.20","69.88","72.00","66.16","18.57M","-0.51%"
"01/05/2021","70.56","74.76","74.84","69.94","11.65M","-3.34%"
"01/04/2021","73.00","67.08","75.20","67.00","17.69M","8.70%"
"12/31/2020","67.16","67.12","68.28","65.84","7.34M","-0.06%"
"12/30/2020","67.20","69.40","69.72","66.96","6.89M","-3.61%"
"12/29/2020","69.72","66.32","71.04","66.24","9.09M","3.63%"
"12/28/2020","67.28","66.52","67.36","66.24","5.02M","-0.36%"
"12/24/2020","67.52","68.52","68.56","67.50","3.51M","-2.88%"
"12/23/2020","69.52","70.88","71.06","68.24","8.26M","-4.03%"
"12/22/2020","72.44","72.92","73.92","72.04","9.10M","-1.79%"
"12/21/2020","73.76","75.12","77.88","72.24","22.32M","7.96%"
"12/18/2020","68.32","67.52","70.28","67.48","12.98M","1.97%"
"12/17/2020","67.00","68.08","68.48","66.48","9.80M","-1.41%"
"12/16/2020","67.96","70.08","70.84","67.88","10.42M","-3.25%"
"12/15/2020","70.24","71.96","72.80","70.16","10.59M","-4.62%"
"12/14/2020","73.64","69.68","73.92","69.04","9.85M","2.28%"
"12/11/2020","72.00","71.16","73.92","70.08","14.06M","3.69%"
"12/10/2020","69.44","69.36","69.88","67.54","11.55M","0.93%"
"12/09/2020","68.80","65.64","69.40","65.12","16.77M","3.68%"
"12/08/2020","66.36","69.28","69.38","66.36","7.46M","-3.60%"
"12/07/2020","68.84","69.16","69.54","68.48","7.49M","0.58%"
"12/04/2020","68.44","68.84","68.88","67.80","8.66M","-1.78%"
"12/03/2020","69.68","68.20","70.26","68.00","8.60M","0.93%"
"12/02/2020","69.04","69.52","69.52","67.56","7.65M","-0.52%"
"12/01/2020","69.40","68.04","69.68","67.60","9.51M","0.99%"
"11/30/2020","68.72","70.28","72.68","68.60","7.11M","-1.88%"
"11/27/2020","70.04","69.00","70.55","68.40","4.12M","0.69%"
"11/25/2020","69.56","72.28","73.24","69.44","6.24M","-3.66%"
"11/24/2020","72.20","71.92","73.46","71.76","8.45M","-1.69%"
"11/23/2020","73.44","73.40","74.90","72.16","8.15M","-1.29%"
"11/20/2020","74.40","74.48","74.72","72.96","7.24M","-0.21%"
"11/19/2020","74.56","75.16","76.28","73.32","7.13M","-1.06%"
"11/18/2020","75.36","72.44","76.00","71.68","9.12M","2.95%"
"11/17/2020","73.20","75.96","76.40","73.04","8.18M","-1.29%"
"11/16/2020","74.16","74.44","77.20","74.16","8.11M","-2.83%"
"11/13/2020","76.32","78.60","78.68","75.00","9.48M","-6.15%"
"11/12/2020","81.32","77.11","83.00","76.28","16.74M","7.06%"
"11/11/2020","75.96","76.60","77.60","74.52","8.22M","-2.47%"
"11/10/2020","77.88","78.28","81.20","77.68","8.49M","-2.99%"
"11/09/2020","80.28","76.32","80.44","72.88","14.98M","-2.19%"
"11/06/2020","82.08","87.20","87.28","82.04","10.65M","-6.64%"
"11/05/2020","87.92","86.56","88.92","85.76","9.13M","-1.66%"
"11/04/2020","89.40","94.00","94.24","88.80","16.30M","-8.81%"
"11/03/2020","98.04","100.60","101.24","96.76","9.74M","-5.51%"
"11/02/2020","103.76","101.32","105.20","101.00","10.38M","-2.22%"
"10/30/2020","106.12","104.72","108.04","103.08","10.02M","3.03%"
"10/29/2020","103.00","108.68","110.84","99.76","11.75M","-7.14%"
"10/28/2020","110.92","104.40","111.07","103.08","19.29M","14.26%"
"10/27/2020","97.08","96.67","98.76","95.00","8.53M","0.41%"
"10/26/2020","96.68","90.80","98.28","89.88","12.72M","9.02%"
"10/23/2020","88.68","88.24","90.64","88.08","4.73M","0.09%"
"10/22/2020","88.60","90.56","91.36","87.76","5.67M","-2.34%"
"10/21/2020","90.72","92.40","93.64","90.13","6.79M","-2.37%"
"10/20/2020","92.92","92.32","93.44","91.48","7.44M","-0.04%"
"10/19/2020","92.96","88.60","93.52","88.44","6.95M","4.36%"
"10/16/2020","89.08","88.32","89.08","86.96","5.86M","0.72%"
"10/15/2020","88.44","91.64","92.40","88.16","8.15M","0.87%"
"10/14/2020","87.68","87.80","89.04","86.32","7.40M","-1.04%"
"10/13/2020","88.60","88.40","90.36","87.84","5.85M","1.37%"
"10/12/2020","87.40","87.60","89.16","87.12","7.81M","-1.97%"
"10/09/2020","89.16","91.24","91.28","89.12","7.28M","-5.19%"
"10/08/2020","94.04","96.84","97.40","93.84","6.31M","-4.00%"
"10/07/2020","97.96","99.32","99.72","97.24","4.86M","-3.28%"
"10/06/2020","101.28","99.04","102.16","97.17","8.70M","1.40%"
"10/05/2020","99.88","102.12","103.20","99.10","5.21M","287.43%"
"10/04/2020","25.78","25.78","25.78","25.78","","0.00%"
"10/03/2020","25.78","25.78","25.78","25.78","","-75.00%"
"10/02/2020","103.12","105.24","105.52","101.16","7.48M","3.08%"
"10/01/2020","100.04","98.44","101.60","98.44","6.04M","0.44%"
"09/30/2020","99.60","98.44","100.72","97.16","6.43M","-0.16%"
"09/29/2020","99.76","101.88","102.00","98.22","5.68M","-1.66%"
"09/28/2020","101.44","101.32","102.60","101.04","4.57M","297.18%"
"09/27/2020","25.54","25.54","25.54","25.54","","0.00%"
"09/26/2020","25.54","25.54","25.54","25.54","","-75.00%"
"09/25/2020","102.16","104.88","105.68","101.52","5.91M","-2.48%"
"09/24/2020","104.76","106.92","108.00","102.96","6.86M","-1.91%"
"09/23/2020","106.80","101.08","106.88","100.60","7.32M","5.28%"
"09/22/2020","101.44","100.48","104.16","100.44","5.82M","0.79%"
"09/21/2020","100.64","101.60","106.60","100.18","9.97M","3.24%"
"09/18/2020","97.48","96.84","99.92","94.68","8.65M","-0.08%"
"09/17/2020","97.56","102.92","103.24","97.12","7.78M","-2.28%"
"09/16/2020","99.84","99.48","100.00","97.10","7.45M","-0.28%"
"09/15/2020","100.12","99.28","101.96","98.76","6.38M","-0.16%"
"09/14/2020","100.28","100.68","101.80","98.84","7.57M","292.95%"
"09/13/2020","25.52","25.52","25.52","25.52","","-75.00%"
"09/11/2020","102.08","105.56","108.72","101.96","10.65M","-5.93%"
"09/10/2020","108.52","106.36","111.12","105.44","9.80M","1.12%"
"09/09/2020","107.32","110.24","111.40","105.40","9.48M","-5.13%"
"09/08/2020","113.12","124.96","126.00","112.64","15.98M","-2.21%"
"09/04/2020","115.68","123.64","136.32","114.16","27.72M","-8.80%"
"09/03/2020","126.84","113.28","131.04","109.21","29.76M","13.49%"
"09/02/2020","111.76","108.96","112.92","108.52","10.13M","2.46%"
"09/01/2020","109.08","107.40","109.84","106.56","7.24M","1.56%"
"08/31/2020","107.40","105.20","108.36","102.72","9.08M","319.86%"
"08/30/2020","25.58","25.58","25.58","25.58","","-75.00%"
"08/28/2020","102.32","104.08","108.44","100.64","8.72M","-0.54%"
"08/27/2020","102.88","98.76","110.80","97.72","13.46M","3.17%"
"08/26/2020","99.72","96.96","100.36","94.56","7.42M","2.21%"
"08/25/2020","97.56","98.40","101.30","96.92","6.56M","-0.53%"
"08/24/2020","98.08","95.80","99.14","95.52","6.88M","298.21%"
"08/23/2020","24.63","24.63","24.63","24.63","","0.00%"
"08/22/2020","24.63","24.63","24.63","24.63","","-75.00%"
"08/21/2020","98.52","99.76","100.16","97.94","6.43M","0.53%"
"08/20/2020","98.00","102.96","103.36","97.60","8.86M","-1.09%"
"08/19/2020","99.08","96.52","99.76","95.80","8.91M","1.81%"
"08/18/2020","97.32","97.52","99.72","96.40","5.53M","-1.06%"
"08/17/2020","98.36","99.56","100.40","97.68","4.90M","-3.34%"
"08/14/2020","101.76","102.92","103.76","101.24","6.76M","-0.27%"
"08/13/2020","102.04","102.68","103.40","99.60","7.13M","-0.08%"
"08/12/2020","102.12","103.72","104.12","101.26","7.09M","-5.27%"
"08/11/2020","107.80","100.60","108.56","100.12","9.03M","4.66%"
"08/10/2020","103.00","104.56","106.20","102.64","6.44M","288.24%"
"08/09/2020","26.53","26.53","26.53","26.53","","0.00%"
"08/08/2020","26.53","26.53","26.53","26.53","","-75.00%"
"08/07/2020","106.12","108.24","108.56","105.08","7.38M","-0.79%"
"08/06/2020","106.96","108.44","109.32","106.60","5.41M","-1.11%"
"08/05/2020","108.16","108.72","110.32","107.80","5.12M","-2.10%"
"08/04/2020","110.48","113.44","113.44","110.12","4.92M","-2.95%"
"08/03/2020","113.84","113.24","115.03","112.44","5.01M","299.16%"
"08/02/2020","28.52","28.52","28.52","28.52","","-75.00%"
"07/31/2020","114.08","113.68","119.72","113.52","7.69M","-2.33%"
"07/30/2020","116.80","119.44","125.08","116.00","8.13M","2.21%"
"07/29/2020","114.28","115.08","116.36","113.68","5.24M","-2.06%"
"07/28/2020","116.68","117.32","118.32","112.92","6.42M","-0.58%"
"07/27/2020","117.36","119.16","120.74","117.08","5.21M","289.00%"
"07/26/2020","30.17","30.17","30.17","30.17","","0.00%"
"07/25/2020","30.17","30.17","30.17","30.17","","-75.00%"
"07/24/2020","120.68","124.08","125.82","120.56","8.25M","0.33%"
"07/23/2020","120.28","115.60","122.72","114.80","8.79M","3.12%"
"07/22/2020","116.64","118.60","120.36","116.52","5.63M","-1.12%"
"07/21/2020","117.96","114.00","119.40","112.60","9.01M","0.89%"
"07/20/2020","116.92","120.88","121.56","114.92","6.72M","-4.54%"
"07/17/2020","122.48","125.72","126.92","122.28","4.79M","-3.59%"
"07/16/2020","127.04","132.28","132.28","126.40","6.89M","-1.55%"
"07/15/2020","129.04","128.88","134.72","128.52","7.14M","-2.86%"
"07/14/2020","132.84","141.08","144.04","132.48","11.53M","-5.76%"
"07/13/2020","140.96","127.24","141.56","126.92","8.62M","9.61%"
"07/10/2020","128.60","133.12","135.91","128.52","5.72M","-2.75%"
"07/09/2020","132.24","130.36","138.04","129.32","8.08M","1.57%"
"07/08/2020","130.20","131.56","135.84","129.84","6.19M","-2.52%"
"07/07/2020","133.56","130.20","134.00","126.66","6.16M","3.44%"
"07/06/2020","129.12","125.08","130.62","124.76","5.90M","-0.12%"
"07/02/2020","129.28","126.20","130.32","124.12","6.98M","-1.73%"
"07/01/2020","131.56","133.48","135.64","130.64","6.21M","-3.12%"
"06/30/2020","135.80","143.99","144.40","134.40","6.74M","-4.85%"
"06/29/2020","142.72","147.52","152.39","142.48","6.24M","-4.85%"
"06/26/2020","150.00","141.80","151.72","141.28","11.17M","5.96%"
"06/25/2020","141.56","149.32","152.52","141.00","8.96M","-3.62%"
"06/24/2020","146.88","142.80","153.36","138.76","16.09M","6.59%"
"06/23/2020","137.80","134.08","138.84","133.67","7.52M","-1.82%"
"06/22/2020","140.36","148.60","150.56","139.92","8.56M","-4.88%"
"06/19/2020","147.56","141.76","152.52","140.60","10.77M","1.60%"
"06/18/2020","145.24","150.16","151.72","145.12","6.50M","-1.81%"
"06/17/2020","147.92","146.32","152.08","145.60","8.52M","0.30%"
"06/16/2020","147.48","141.12","156.05","139.96","13.36M","-2.25%"
"06/15/2020","150.88","168.88","174.48","149.48","10.04M","-2.56%"
"06/12/2020","154.84","153.60","180.12","149.68","17.01M","-6.97%"
"06/11/2020","166.44","138.28","169.20","132.52","25.92M","33.67%"
"06/10/2020","124.52","126.00","128.40","119.60","7.59M","-0.45%"
"06/09/2020","125.08","122.76","126.01","121.84","5.99M","4.86%"
"06/08/2020","119.28","116.08","120.44","115.84","4.15M","2.23%"
"06/05/2020","116.68","115.84","118.32","115.32","6.92M","-5.42%"
"06/04/2020","123.36","125.16","126.32","119.72","7.25M","-0.80%"
"06/03/2020","124.36","127.52","128.16","123.76","6.21M","-4.31%"
"06/02/2020","129.96","132.88","134.61","129.84","5.70M","-2.78%"
"06/01/2020","133.68","136.24","136.76","132.92","3.87M","0.88%"
"05/29/2020","132.52","138.64","141.16","132.52","8.15M","-3.92%"
"05/28/2020","137.92","134.24","139.18","132.54","5.82M","4.01%"
"05/27/2020","132.60","131.84","141.40","131.58","6.66M","-2.01%"
"05/26/2020","135.32","130.92","136.42","130.48","4.80M","-1.51%"
"05/22/2020","137.40","139.60","141.72","136.80","3.84M","-0.95%"
"05/21/2020","138.72","135.28","141.52","133.40","6.08M","2.91%"
"05/20/2020","134.80","137.44","140.36","134.80","8.11M","-6.47%"
"05/19/2020","144.12","137.72","144.40","134.68","5.76M","5.23%"
"05/18/2020","136.96","136.40","139.68","135.24","6.33M","-6.45%"
"05/15/2020","146.40","157.00","159.84","146.40","6.31M","-2.32%"
"05/14/2020","149.88","166.28","171.44","149.88","8.68M","-5.50%"
"05/13/2020","158.60","145.36","164.64","142.36","10.83M","10.45%"
"05/12/2020","143.60","126.51","144.00","125.68","6.11M","10.06%"
"05/11/2020","130.48","143.56","143.90","130.00","4.73M","-6.67%"
"05/08/2020","139.80","145.84","146.92","139.80","4.89M","-6.73%"
"05/07/2020","149.88","151.52","152.38","148.72","4.41M","-4.44%"
"05/06/2020","156.84","151.92","157.10","150.83","3.79M","1.40%"
"05/05/2020","154.68","154.80","155.80","150.24","4.46M","-3.95%"
"05/04/2020","161.04","170.32","172.00","160.72","3.38M","-2.26%"
"05/01/2020","164.76","164.40","168.28","161.24","5.16M","8.77%"
"04/30/2020","151.48","149.96","156.88","149.76","4.27M","3.17%"
"04/29/2020","146.82","147.44","148.04","143.40","5.05M","-6.05%"
"04/28/2020","156.28","148.40","158.27","147.84","5.67M","1.59%"
"04/27/2020","153.84","161.84","161.88","151.64","5.77M","-7.37%"
"04/24/2020","166.08","172.68","175.20","165.84","3.69M","-5.76%"
"04/23/2020","176.24","173.92","179.52","170.80","4.64M","-0.29%"
"04/22/2020","176.76","178.88","182.32","174.84","4.03M","-4.80%"
"04/21/2020","185.68","184.16","192.60","182.88","6.53M","8.36%"
"04/20/2020","171.36","164.68","172.00","160.52","4.82M","9.71%"
"04/17/2020","156.20","156.24","161.68","155.24","4.49M","-4.15%"
"04/16/2020","162.96","163.36","167.72","161.32","4.67M","0.82%"
"04/15/2020","161.64","160.00","165.72","157.30","5.21M","8.02%"
"04/14/2020","149.64","153.60","154.48","148.00","4.49M","-8.11%"
"04/13/2020","162.84","165.20","169.72","162.48","3.71M","-2.07%"
"04/09/2020","166.28","168.52","171.56","165.50","5.85M","-1.96%"
"04/08/2020","169.60","171.36","174.88","167.68","5.22M","-2.33%"
"04/07/2020","173.64","163.64","174.64","163.12","7.01M","2.84%"
"04/06/2020","168.84","168.44","172.28","166.08","4.95M","-7.13%"
"04/03/2020","181.80","188.00","191.40","180.00","6.68M","-4.03%"
"04/02/2020","189.44","198.32","201.60","188.82","5.38M","-5.69%"
"04/01/2020","200.88","197.68","203.56","188.24","4.76M","8.58%"
"03/31/2020","185.00","196.00","197.04","181.68","7.88M","-4.89%"
"03/30/2020","194.52","202.08","207.60","194.32","8.00M","-3.89%"
"03/27/2020","202.40","201.36","202.88","193.64","5.86M","10.92%"
"03/26/2020","182.48","196.60","198.84","182.44","7.81M","-10.37%"
"03/25/2020","203.60","192.72","210.68","190.68","6.34M","7.95%"
"03/24/2020","188.60","167.44","190.96","158.00","9.11M","-7.78%"
"03/23/2020","204.52","229.48","236.16","197.00","9.85M","-15.56%"
"03/20/2020","242.20","237.52","252.32","210.08","14.76M","-2.34%"
"03/19/2020","248.00","295.20","307.60","223.60","20.71M","-10.14%"
"03/18/2020","276.00","263.80","315.36","247.40","18.96M","17.93%"
"03/17/2020","234.04","230.32","250.48","216.92","12.30M","-1.18%"
"03/16/2020","236.84","220.00","247.88","206.16","12.15M","37.06%"
"03/13/2020","172.80","168.48","197.72","168.08","16.48M","-8.78%"
"03/12/2020","189.44","180.40","195.12","166.20","16.28M","22.50%"
"03/11/2020","154.64","147.36","157.80","145.40","12.34M","13.34%"
"03/10/2020","136.44","132.00","148.64","131.08","14.98M","-7.71%"
"03/09/2020","147.84","162.60","164.68","140.64","18.69M","23.94%"
"03/06/2020","119.28","126.64","130.72","116.96","35.21M","11.77%"
"03/05/2020","106.72","100.72","110.72","98.56","30.42M","16.00%"
"03/04/2020","92.00","93.60","97.16","90.96","21.86M","-5.93%"
"03/03/2020","97.80","87.80","100.32","84.34","31.36M","10.99%"
"03/02/2020","88.12","88.80","94.42","87.64","28.02M","-3.42%"
"02/28/2020","91.24","98.84","100.00","90.72","36.55M","3.68%"
"02/27/2020","88.00","82.60","88.00","80.44","42.26M","16.22%"
"02/26/2020","75.72","74.88","78.56","72.28","33.54M","-2.12%"
"02/25/2020","77.36","68.24","79.40","67.72","44.98M","9.45%"
"02/24/2020","70.68","68.64","71.00","65.40","36.22M","18.59%"
"02/21/2020","59.60","57.92","61.20","57.36","21.63M","6.13%"
"02/20/2020","56.16","54.44","57.96","54.00","20.69M","3.54%"
"02/19/2020","54.24","54.04","54.64","53.68","9.04M","-1.45%"
"02/18/2020","55.04","55.12","56.12","54.28","10.24M","1.78%"
"02/14/2020","54.08","54.24","55.26","53.88","8.39M","-1.24%"
"02/13/2020","54.76","55.36","55.88","54.12","8.44M","2.16%"
"02/12/2020","53.60","55.44","55.72","53.52","9.98M","-5.10%"
"02/11/2020","56.48","55.52","56.72","55.20","9.23M","0.14%"
"02/10/2020","56.40","58.04","58.04","56.16","8.92M","-1.95%"
"02/07/2020","57.52","58.00","58.68","56.60","11.65M","2.06%"
"02/06/2020","56.36","56.32","57.52","56.00","9.67M","-0.77%"
"02/05/2020","56.80","57.16","58.92","56.80","11.85M","-4.25%"
"02/04/2020","59.32","59.64","60.04","58.44","11.83M","-4.81%"
"02/03/2020","62.32","63.16","64.08","60.88","13.04M","-3.83%"
"01/31/2020","64.80","59.64","66.80","59.64","26.89M","10.96%"
"01/30/2020","58.40","61.68","63.00","58.40","16.80M","-1.68%"
"01/29/2020","59.40","58.28","60.36","57.68","10.45M","0.13%"
"01/28/2020","59.32","61.32","61.80","59.04","13.44M","-5.60%"
"01/27/2020","62.84","61.88","62.92","60.48","20.68M","10.32%"
"01/24/2020","56.96","53.08","58.12","52.84","25.63M","5.56%"
"01/23/2020","53.96","55.00","55.88","53.80","8.73M","-0.37%"
"01/22/2020","54.16","52.68","54.16","52.68","9.12M","0.82%"
"01/21/2020","53.72","54.00","54.08","52.60","10.35M","0.83%"
"01/17/2020","53.28","53.16","54.24","53.00","8.37M","0.23%"
"01/16/2020","53.16","53.68","53.82","53.04","7.17M","-2.42%"
"01/15/2020","54.48","54.64","54.84","54.04","7.60M","-0.29%"
"01/14/2020","54.64","55.16","55.60","54.04","8.36M","-0.73%"
"01/13/2020","55.04","55.84","56.44","54.96","7.09M","-2.55%"
"01/10/2020","56.48","56.64","57.14","55.84","8.23M","-0.42%"
"01/09/2020","56.72","57.52","58.08","56.68","8.07M","-4.19%"
"01/08/2020","59.20","59.64","60.00","57.32","12.09M","-1.40%"
"01/07/2020","60.04","60.64","61.44","59.40","7.67M","-0.46%"
"01/06/2020","60.32","62.96","63.16","60.32","6.53M","-1.37%"
"01/03/2020","61.16","62.68","62.96","59.80","12.06M","5.38%"
"01/02/2020","58.04","58.84","60.16","58.00","7.10M","-4.03%"
"12/31/2019","60.48","63.88","64.24","60.24","8.29M","-4.06%"
"12/30/2019","63.04","61.44","63.84","61.40","8.57M","3.48%"
"12/27/2019","60.92","59.44","61.56","59.40","6.61M","2.08%"
"12/26/2019","59.68","59.28","59.80","59.20","3.40M","-0.13%"
"12/24/2019","59.76","60.12","60.40","59.60","2.58M","-0.99%"
"12/23/2019","60.36","60.00","60.52","59.88","3.78M","0.33%"
"12/20/2019","60.16","59.24","60.16","59.04","6.30M","1.21%"
"12/19/2019","59.44","60.72","61.00","59.44","7.24M","-2.49%"
"12/18/2019","60.96","59.64","61.00","59.47","7.44M","0.99%"
"12/17/2019","60.36","60.20","61.12","59.88","7.58M","-0.72%"
"12/16/2019","60.80","60.28","60.84","59.52","8.56M","-2.12%"
"12/13/2019","62.12","64.52","66.16","62.04","18.43M","-4.14%"
"12/12/2019","64.80","68.72","69.16","64.72","16.07M","-5.92%"
"12/11/2019","68.88","69.76","70.16","68.44","7.28M","-2.33%"
"12/10/2019","70.52","70.00","71.88","69.08","8.91M","0.17%"
"12/09/2019","70.40","67.20","70.46","66.86","9.47M","5.20%"
"12/06/2019","66.92","66.68","67.88","66.32","9.80M","-3.46%"
"12/05/2019","69.32","69.16","71.52","69.04","8.36M","-1.31%"
"12/04/2019","70.24","71.36","71.92","69.36","10.67M","-4.62%"
"12/03/2019","73.64","74.96","76.16","73.24","24.57M","5.80%"
"12/02/2019","69.60","66.08","70.52","65.84","13.66M","5.20%"
"11/29/2019","66.16","65.40","66.16","65.12","4.32M","2.04%"
"11/27/2019","64.84","64.62","64.88","64.40","4.76M","-0.49%"
"11/26/2019","65.16","65.60","66.00","64.80","7.30M","-1.45%"
"11/25/2019","66.12","67.60","67.60","65.84","7.07M","-4.34%"
"11/22/2019","69.12","70.04","70.80","69.04","6.66M","-2.87%"
"11/21/2019","71.16","70.52","72.56","70.36","7.74M","0.23%"
"11/20/2019","71.00","70.52","73.56","69.52","11.49M","1.02%"
"11/19/2019","70.28","69.16","70.64","68.88","7.58M","1.09%"
"11/18/2019","69.52","69.60","70.32","69.04","6.13M","-0.11%"
"11/15/2019","69.60","71.60","71.92","69.52","9.40M","-4.29%"
"11/14/2019","72.72","74.12","74.76","72.72","5.62M","-1.62%"
"11/13/2019","73.92","74.20","74.52","73.12","7.08M","0.71%"
"11/12/2019","73.40","73.72","74.12","72.80","6.74M","-1.18%"
"11/11/2019","74.28","76.00","76.32","73.60","5.80M","-0.38%"
"11/08/2019","74.56","76.36","77.12","74.50","6.92M","-2.10%"
"11/07/2019","76.16","75.32","76.76","75.20","7.87M","-0.94%"
"11/06/2019","76.88","77.28","78.43","76.64","7.16M","-0.36%"
"11/05/2019","77.16","76.00","77.32","75.80","5.72M","2.06%"
"11/04/2019","75.60","74.44","76.24","74.18","5.80M","0.16%"
"11/01/2019","75.48","76.64","77.08","75.36","8.13M","-4.46%"
"10/31/2019","79.00","78.68","80.80","78.16","7.60M","1.44%"
"10/30/2019","77.88","79.88","81.82","77.74","9.73M","-2.45%"
"10/29/2019","79.84","80.68","81.08","79.34","5.84M","-0.10%"
"10/28/2019","79.92","78.84","80.20","78.60","6.66M","0.96%"
"10/25/2019","79.16","82.28","82.40","79.12","6.53M","-3.27%"
"10/24/2019","81.84","82.28","83.80","81.68","6.31M","-1.40%"
"10/23/2019","83.00","84.60","84.68","82.94","4.44M","-1.24%"
"10/22/2019","84.04","82.32","84.12","81.68","5.09M","1.60%"
"10/21/2019","82.72","84.00","84.32","82.64","4.68M","-2.64%"
"10/18/2019","84.96","85.52","87.04","84.12","8.15M","-0.23%"
"10/17/2019","85.16","84.84","85.72","83.86","6.54M","-0.61%"
"10/16/2019","85.68","86.64","87.52","85.48","7.09M","-1.24%"
"10/15/2019","86.76","87.36","87.60","85.44","11.55M","-2.60%"
"10/14/2019","89.08","92.36","92.44","88.96","7.53M","-3.26%"
"10/11/2019","92.08","94.80","95.28","90.48","18.60M","-5.77%"
"10/10/2019","97.72","101.28","101.60","97.42","8.70M","-3.67%"
"10/09/2019","101.44","101.80","103.32","99.04","7.50M","-3.35%"
"10/08/2019","104.96","100.80","105.08","99.72","12.37M","8.12%"
"10/07/2019","97.08","97.68","98.72","95.04","7.27M","0.75%"
"10/04/2019","96.36","101.00","101.08","96.20","7.46M","-5.31%"
"10/03/2019","101.76","105.44","108.40","101.72","12.88M","-3.82%"
"10/02/2019","105.80","101.92","107.04","101.88","21.04M","6.70%"
"10/01/2019","99.16","92.52","99.20","92.20","12.02M","4.42%"
"09/30/2019","94.96","96.72","96.84","93.92","6.03M","-2.94%"
"09/27/2019","97.84","94.04","100.46","93.52","13.56M","2.73%"
"09/26/2019","95.24","94.20","97.04","94.12","7.86M","0.85%"
"09/25/2019","94.44","96.40","99.88","93.60","10.84M","-2.28%"
"09/24/2019","96.64","90.08","97.36","89.80","15.97M","4.63%"
"09/23/2019","92.36","93.52","93.76","90.80","5.78M","-0.86%"
"09/20/2019","93.16","87.68","93.92","87.32","9.59M","5.15%"
"09/19/2019","88.60","89.00","89.26","87.20","8.27M","-1.82%"
"09/18/2019","90.24","92.40","94.77","90.00","13.60M","-3.22%"
"09/17/2019","93.24","93.96","94.92","93.16","6.29M","-0.47%"
"09/16/2019","93.68","94.40","94.68","92.04","6.99M","1.47%"
"09/13/2019","92.32","92.64","93.32","91.28","8.15M","-1.58%"
"09/12/2019","93.80","94.28","95.60","92.68","10.72M","-2.37%"
"09/11/2019","96.08","97.48","97.84","95.44","8.39M","-1.56%"
"09/10/2019","97.60","99.28","100.72","97.36","7.48M","-0.33%"
"09/09/2019","97.92","97.08","100.56","96.88","7.81M","-0.97%"
"09/06/2019","98.88","100.56","101.26","98.40","7.64M","-2.94%"
"09/05/2019","101.88","103.16","103.40","100.60","10.39M","-3.71%"
"09/04/2019","105.80","108.36","110.36","105.72","9.15M","-6.17%"
"09/03/2019","112.76","112.00","113.80","110.08","9.02M","4.41%"
"08/30/2019","108.00","105.20","110.56","105.20","7.03M","0.56%"
"08/29/2019","107.40","108.72","109.76","106.32","7.19M","-4.18%"
"08/28/2019","112.08","117.32","119.00","112.00","7.00M","-2.27%"
"08/27/2019","114.68","110.52","117.56","110.16","6.67M","2.03%"
"08/26/2019","112.40","110.12","115.88","109.76","8.09M","-2.97%"
"08/23/2019","115.84","106.52","117.84","101.84","19.57M","12.47%"
"08/22/2019","103.00","100.36","105.84","100.30","7.79M","1.78%"
"08/21/2019","101.20","102.12","102.92","101.00","7.14M","-4.89%"
"08/20/2019","106.40","105.04","107.16","104.04","6.88M","2.39%"
"08/19/2019","103.92","107.40","107.99","103.52","7.12M","-7.31%"
"08/16/2019","112.12","116.36","116.56","111.84","6.89M","-5.53%"
"08/15/2019","118.68","118.88","124.00","117.49","9.84M","-2.61%"
"08/14/2019","121.86","114.36","122.00","112.28","16.78M","13.85%"
"08/13/2019","107.04","117.40","117.60","106.84","10.49M","-7.37%"
"08/12/2019","115.56","109.40","115.96","109.00","7.17M","7.28%"
"08/09/2019","107.72","105.72","109.86","104.72","9.57M","3.66%"
"08/08/2019","103.92","108.24","109.64","103.48","8.59M","-5.94%"
"08/07/2019","110.48","117.76","120.36","109.92","13.63M","0.51%"
"08/06/2019","109.92","112.88","118.68","109.92","14.96M","-6.21%"
"08/05/2019","117.20","109.88","118.50","109.12","21.67M","14.19%"
"08/02/2019","102.64","102.00","106.76","101.08","17.83M","0.83%"
"08/01/2019","101.80","94.56","104.56","90.22","27.27M","7.88%"
"07/31/2019","94.36","89.24","97.36","87.72","13.26M","5.60%"
"07/30/2019","89.36","89.04","89.88","87.76","5.87M","2.34%"
"07/29/2019","87.32","86.76","88.00","86.36","4.15M","0.88%"
"07/26/2019","86.56","87.16","87.32","85.84","4.73M","-2.52%"
"07/25/2019","88.80","86.64","90.40","86.64","7.47M","3.06%"
"07/24/2019","86.16","89.36","89.48","85.64","4.71M","-2.53%"
"07/23/2019","88.40","90.04","91.52","88.32","4.74M","-3.54%"
"07/22/2019","91.64","93.40","93.92","90.96","5.48M","-2.01%"
"07/19/2019","93.52","90.68","93.72","90.36","6.56M","1.15%"
"07/18/2019","92.46","93.36","94.86","90.84","6.77M","-1.05%"
"07/17/2019","93.44","90.32","93.44","89.76","7.26M","2.55%"
"07/16/2019","91.12","90.40","91.60","89.16","6.35M","0.31%"
"07/15/2019","90.84","90.76","91.72","90.32","3.99M","-0.39%"
"07/12/2019","91.20","92.04","92.76","91.00","4.61M","-1.60%"
"07/11/2019","92.68","92.92","94.40","92.10","5.27M","-1.66%"
"07/10/2019","94.24","95.92","95.95","93.98","4.97M","-3.05%"
"07/09/2019","97.20","99.84","99.84","96.88","3.76M","0.29%"
"07/08/2019","96.92","96.48","97.88","95.60","4.50M","2.76%"
"07/05/2019","94.32","96.04","98.84","94.00","6.03M","0.30%"
"07/03/2019","94.04","94.68","95.52","93.68","3.95M","-0.59%"
"07/02/2019","94.60","98.40","98.40","94.44","6.51M","-3.71%"
"07/01/2019","98.24","98.20","100.32","97.84","7.58M","-5.54%"
"06/28/2019","104.00","104.52","105.20","103.48","4.41M","-1.59%"
"06/27/2019","105.68","106.60","107.18","104.80","3.72M","-1.56%"
"06/26/2019","107.36","106.08","108.20","105.56","3.40M","-0.78%"
"06/25/2019","108.20","105.60","108.72","105.48","4.32M","2.54%"
"06/24/2019","105.52","105.80","106.08","104.56","3.16M","-0.90%"
"06/21/2019","106.48","104.80","107.24","103.54","4.94M","2.35%"
"06/20/2019","104.04","101.84","107.28","101.04","8.61M","0.31%"
"06/19/2019","103.72","106.60","107.72","103.52","7.42M","-3.32%"
"06/18/2019","107.28","106.16","107.92","105.40","6.22M","-0.78%"
"06/17/2019","108.12","109.16","109.44","107.53","3.62M","-1.06%"
"06/14/2019","109.28","111.20","112.24","109.12","3.42M","-1.05%"
"06/13/2019","110.44","109.80","111.62","109.32","4.26M","-0.61%"
"06/12/2019","111.12","112.44","113.20","110.64","3.56M","-0.47%"
"06/11/2019","111.64","109.60","113.20","109.20","4.71M","0.18%"
"06/10/2019","111.44","110.84","112.96","110.44","3.62M","-0.71%"
"06/07/2019","112.24","111.08","112.65","110.40","5.83M","0.75%"
"06/06/2019","111.40","112.96","114.20","111.08","4.62M","-2.14%"
"06/05/2019","113.84","114.60","117.32","113.24","5.87M","-1.93%"
"06/04/2019","116.08","119.24","120.96","116.00","6.04M","-5.56%"
"06/03/2019","122.92","121.60","125.64","119.28","7.26M","1.02%"
"05/31/2019","121.68","122.92","123.56","119.62","7.23M","3.79%"
"05/30/2019","117.24","116.44","119.52","115.38","5.07M","-1.78%"
"05/29/2019","119.36","119.56","121.48","117.28","8.26M","1.95%"
"05/28/2019","117.08","112.88","117.08","111.04","5.53M","2.99%"
"05/24/2019","113.68","112.68","115.20","111.52","6.15M","-2.07%"
"05/23/2019","116.08","113.00","118.00","113.00","10.69M","6.61%"
"05/22/2019","108.88","110.40","110.76","107.72","7.02M","-0.95%"
"05/21/2019","109.92","112.00","112.08","109.56","5.86M","-5.04%"
"05/20/2019","115.76","117.24","119.20","113.60","8.18M","1.47%"
"05/17/2019","114.08","116.96","117.04","110.92","10.94M","1.49%"
"05/16/2019","112.40","116.52","116.60","111.64","7.78M","-4.29%"
"05/15/2019","117.44","126.00","126.87","117.08","8.02M","-4.21%"
"05/14/2019","122.60","124.96","125.76","120.92","9.21M","-5.55%"
"05/13/2019","129.80","126.68","130.36","123.28","15.01M","15.11%"
"05/10/2019","112.76","123.52","126.56","112.76","15.24M","-7.73%"
"05/09/2019","122.20","129.60","133.16","121.84","15.11M","-0.52%"
"05/08/2019","122.84","123.96","126.16","118.44","11.17M","-1.98%"
"05/07/2019","125.32","113.64","128.28","112.56","21.37M","16.64%"
"05/06/2019","107.44","111.84","112.88","106.64","10.90M","5.66%"
"05/03/2019","101.68","103.96","104.16","101.24","4.23M","-4.76%"
"05/02/2019","106.76","106.60","110.96","105.04","5.98M","0.15%"
"05/01/2019","106.60","101.56","106.68","101.00","6.51M","3.78%"
"04/30/2019","102.72","102.32","105.64","102.00","4.84M","0.00%"
"04/29/2019","102.72","101.80","102.80","100.94","3.82M","1.54%"
"04/26/2019","101.16","103.64","105.28","101.04","4.78M","-3.47%"
"04/25/2019","104.80","103.68","107.74","102.56","7.10M","1.95%"
"04/24/2019","102.80","100.36","102.80","100.16","6.00M","2.59%"
"04/23/2019","100.20","100.40","100.96","99.44","4.99M","-0.79%"
"04/22/2019","101.00","103.00","103.84","100.92","3.82M","-0.90%"
"04/18/2019","101.92","103.20","105.28","101.72","6.44M","-1.58%"
"04/17/2019","103.56","101.12","105.36","100.96","6.55M","0.70%"
"04/16/2019","102.84","103.00","103.60","101.68","4.57M","-0.81%"
"04/15/2019","103.68","103.48","107.84","103.20","6.43M","-1.29%"
"04/12/2019","105.04","107.80","107.88","104.66","6.28M","-4.51%"
"04/11/2019","110.00","110.68","111.48","109.64","4.83M","-1.96%"
"04/10/2019","112.20","114.36","115.20","112.00","4.16M","-2.81%"
"04/09/2019","115.44","112.96","116.12","112.32","4.98M","3.55%"
"04/08/2019","111.48","112.28","113.12","111.22","4.58M","-0.46%"
"04/05/2019","112.00","112.88","113.68","111.88","5.25M","-2.00%"
"04/04/2019","114.28","114.80","116.24","113.44","4.74M","-1.00%"
"04/03/2019","115.44","112.80","117.14","112.48","5.88M","0.70%"
"04/02/2019","114.64","115.36","115.92","114.12","4.70M","-0.28%"
"04/01/2019","114.96","115.88","116.72","114.56","5.43M","-1.78%"
"03/29/2019","117.04","118.56","119.24","116.68","6.74M","-3.08%"
"03/28/2019","120.76","122.72","124.36","120.42","6.55M","-2.23%"
"03/27/2019","123.52","121.36","128.44","120.48","9.87M","1.51%"
"03/26/2019","121.68","123.20","124.92","120.88","6.63M","-5.65%"
"03/25/2019","128.96","128.56","132.00","125.76","11.18M","0.50%"
"03/22/2019","128.32","117.48","129.16","116.32","17.60M","11.47%"
"03/21/2019","115.12","118.36","118.36","113.81","6.08M","-1.30%"
"03/20/2019","116.64","115.72","118.04","112.96","8.70M","1.07%"
"03/19/2019","115.40","112.64","117.24","112.48","7.81M","0.66%"
"03/18/2019","114.64","115.24","117.04","113.64","5.32M","0.24%"
"03/15/2019","114.36","116.00","116.32","112.84","5.84M","-1.85%"
"03/14/2019","116.52","118.60","118.81","116.16","4.93M","-1.65%"
"03/13/2019","118.48","118.96","119.64","117.44","5.59M","-1.07%"
"03/12/2019","119.76","122.00","122.56","119.60","5.55M","-2.82%"
"03/11/2019","123.24","130.44","130.44","122.80","6.66M","-7.28%"
"03/08/2019","132.92","136.08","138.36","132.76","9.75M","0.67%"
"03/07/2019","132.04","128.72","134.60","128.48","9.92M","3.81%"
"03/06/2019","127.20","123.56","128.00","123.44","6.44M","2.95%"
"03/05/2019","123.56","122.52","125.56","121.92","4.93M","0.59%"
"03/04/2019","122.84","118.56","129.20","117.08","11.18M","2.43%"
"03/01/2019","119.92","122.32","124.72","119.92","5.38M","-4.55%"
"02/28/2019","125.64","125.80","126.24","123.20","3.78M","-0.06%"
"02/27/2019","125.72","127.04","130.32","124.68","4.92M","0.10%"
"02/26/2019","125.60","126.44","127.20","123.56","3.78M","0.83%"
"02/25/2019","124.56","119.60","124.68","118.24","5.11M","1.80%"
"02/22/2019","122.36","125.00","125.40","122.08","4.85M","-3.77%"
"02/21/2019","127.16","126.08","129.14","123.87","5.92M","1.31%"
"02/20/2019","125.52","129.84","129.84","125.41","5.78M","-4.01%"
"02/19/2019","130.76","132.68","133.08","129.00","3.99M","0.31%"
"02/15/2019","130.36","132.36","133.40","130.10","6.02M","-3.49%"
"02/14/2019","135.08","135.72","138.16","132.52","6.58M","1.81%"
"02/13/2019","132.68","131.92","134.20","131.28","4.60M","-0.24%"
"02/12/2019","133.00","132.28","133.88","131.40","5.24M","-1.80%"
"02/11/2019","135.44","135.08","137.52","134.08","3.40M","-1.08%"
"02/08/2019","136.92","141.76","143.08","136.64","4.81M","-1.21%"
"02/07/2019","138.60","138.20","144.04","136.08","7.45M","3.34%"
"02/06/2019","134.12","133.76","135.64","132.32","4.20M","-0.53%"
"02/05/2019","134.84","134.80","135.92","131.84","5.17M","-0.85%"
"02/04/2019","136.00","139.72","140.64","135.36","4.62M","-3.11%"
"02/01/2019","140.36","141.32","142.60","139.60","6.25M","-0.96%"
"01/31/2019","141.72","147.60","147.68","141.72","5.52M","-4.14%"
"01/30/2019","147.84","152.12","154.88","147.56","5.24M","-4.40%"
"01/29/2019","154.64","153.24","157.20","151.98","3.99M","-0.28%"
"01/28/2019","155.08","154.36","159.96","154.20","4.97M","4.14%"
"01/25/2019","148.92","151.32","152.32","148.52","3.04M","-3.75%"
"01/24/2019","154.72","160.60","162.56","152.60","1.83M","-3.54%"
"01/23/2019","160.40","158.84","169.96","158.40","1.61M","-0.55%"
"01/22/2019","161.28","150.00","163.48","149.60","1.48M","8.80%"
"01/18/2019","148.24","147.76","149.96","145.36","648.68K","-2.47%"
"01/17/2019","152.00","154.80","154.84","149.68","623.85K","-1.12%"
"01/16/2019","153.72","149.12","153.72","148.52","1.16M","2.02%"
"01/15/2019","150.68","156.20","156.88","150.48","564.63K","-4.34%"
"01/14/2019","157.52","161.60","161.64","155.32","296.72K","0.28%"
"01/11/2019","157.08","164.80","165.28","157.04","1.37M","-3.25%"
"01/10/2019","162.36","167.00","169.12","162.36","452.98K","-1.05%"
"01/09/2019","164.08","166.68","167.96","162.24","998.19K","-2.36%"
"01/08/2019","168.04","168.56","174.48","167.52","236.36K","-2.03%"
"01/07/2019","171.52","174.12","176.57","169.40","640.92K","-2.23%"
"01/04/2019","175.44","183.24","184.12","174.92","326.39K","-7.93%"
"01/03/2019","190.56","186.40","194.64","185.16","254.97K","4.15%"
"01/02/2019","182.96","193.88","195.19","181.76","513.73K","-2.66%"
"12/31/2018","187.96","189.92","192.20","187.56","201.89K","-3.53%"
"12/28/2018","194.84","195.44","201.20","190.48","311.84K","-0.16%"
"12/27/2018","195.16","198.76","207.92","193.64","253.73K","4.23%"
"12/26/2018","187.24","196.60","201.00","186.96","207.41K","-5.30%"
"12/24/2018","197.72","190.84","197.84","189.72","108.40K","5.01%"
"12/21/2018","188.28","179.44","190.40","176.76","558.73K","5.04%"
"12/20/2018","179.24","175.00","184.60","172.08","53.15K","5.09%"
"12/19/2018","170.56","170.00","175.84","162.44","79.07K","-0.35%"
"12/18/2018","171.16","167.60","175.80","167.24","1.29M","0.47%"
"12/17/2018","170.36","163.92","173.64","161.52","930.87K","4.90%"
"12/14/2018","162.40","159.64","163.32","157.60","19.71K","4.08%"
"12/13/2018","156.04","156.40","159.60","154.36","276.85K","-1.54%"
"12/12/2018","158.48","155.64","158.52","153.72","26.67K","-0.79%"
"12/11/2018","159.75","154.72","165.04","154.36","249.72K","0.02%"
"12/10/2018","159.72","161.52","169.20","158.76","25.10K","-0.97%"
"12/07/2018","161.28","150.68","163.96","148.16","102.37K","6.69%"
"12/06/2018","151.16","159.08","166.48","150.24","74.46K","2.58%"
"12/04/2018","147.36","129.16","149.56","129.04","30.09K","13.01%"
"12/03/2018","130.40","128.00","131.80","127.32","758.91K","-5.43%"
"11/30/2018","137.88","142.04","142.04","137.20","4.74K","-2.82%"
"11/29/2018","141.88","141.48","146.12","139.84","7.52K","1.81%"
"11/28/2018","139.36","141.42","144.60","138.20","12.34K","-2.95%"
"11/27/2018","143.60","148.76","148.96","143.24","5.82K","-1.78%"
"11/26/2018","146.20","151.52","151.52","146.12","5.73K","-5.65%"
"11/23/2018","154.96","156.80","157.48","153.84","2.69K","0.86%"
"11/21/2018","153.64","152.57","155.68","151.80","15.23K","-2.34%"
"11/20/2018","157.32","157.92","161.17","154.96","26.01K","5.58%"
"11/19/2018","149.00","140.88","149.80","140.40","17.09K","5.85%"
"11/16/2018","140.76","150.04","151.00","140.28","5.95K","-4.58%"
"11/15/2018","147.52","151.72","155.00","146.92","9.54K","-1.05%"
"11/14/2018","149.08","142.52","152.52","142.40","6.90K","2.59%"
"11/13/2018","145.32","144.04","149.20","141.64","9.30K","0.75%"
"11/12/2018","144.24","134.68","144.80","134.68","15.28K","8.51%"
"11/09/2018","132.93","131.32","136.56","131.19","6.01K","2.25%"
"11/08/2018","130.00","129.52","131.17","126.84","2.58K","-0.46%"
"11/07/2018","130.60","135.28","135.28","130.20","15.30K","-6.93%"
"11/06/2018","140.32","145.08","145.48","140.32","3.63K","-3.39%"
"11/05/2018","145.24","147.04","147.56","144.20","2.28K","-0.95%"
"11/02/2018","146.64","143.24","151.80","142.00","8.96K","0.80%"
"11/01/2018","145.48","151.32","153.08","145.36","10.23K","-3.22%"
"10/31/2018","150.32","152.16","154.20","148.16","6.68K","-3.17%"
"10/30/2018","155.24","162.64","162.64","154.88","10.71K","-3.79%"
"10/29/2018","161.36","153.92","168.56","152.20","11.53K","0.88%"
"10/26/2018","159.96","161.64","166.60","155.12","30.36K","5.63%"
"10/25/2018","151.44","153.20","157.08","148.44","11.00K","-2.07%"
"10/24/2018","154.64","142.60","154.64","142.00","4.79K","7.72%"
"10/23/2018","143.56","150.28","154.24","141.08","13.27K","3.79%"
"10/22/2018","138.32","136.20","143.92","136.20","4.63K","0.90%"
"10/19/2018","137.08","136.24","141.92","135.00","6.17K","-1.66%"
"10/18/2018","139.40","132.92","142.76","131.60","3.59K","7.36%"
"10/17/2018","129.84","127.72","136.52","127.72","18.26K","1.18%"
"10/16/2018","128.32","133.76","134.76","127.92","66.36K","-6.39%"
"10/15/2018","137.08","139.21","142.56","135.36","5.97K","0.59%"
"10/12/2018","136.28","134.56","148.64","134.56","4.18K","-7.57%"
"10/11/2018","147.44","134.32","153.60","131.04","24.27K","8.57%"
"10/10/2018","135.80","119.60","136.16","119.60","18.58K","16.75%"
"10/09/2018","116.32","117.52","117.68","116.32","0.55K","1.54%"
"10/08/2018","114.56","116.76","121.76","114.21","5.63K","1.42%"
"10/05/2018","112.96","109.20","119.36","108.28","6.50K","1.58%"
"10/04/2018","111.20","107.44","115.20","106.72","4.65K","6.11%"
"10/03/2018","104.80","104.24","105.76","104.16","5.69K","-0.76%"
"10/02/2018","105.60","106.00","106.08","105.28","1.16K","0.00%"
"10/01/2018","105.60","104.00","106.56","103.76","1.15K","-1.12%"
"09/28/2018","106.80","107.68","107.68","106.80","1.69K","-0.15%"
"09/27/2018","106.96","107.44","107.44","106.96","7.08K","-0.96%"
"09/26/2018","108.00","106.24","108.00","105.68","0.70K","0.30%"
"09/25/2018","107.68","105.36","107.68","105.36","0.95K","0.94%"
"09/24/2018","106.68","107.20","108.96","106.64","0.91K","0.40%"
"09/21/2018","106.26","106.64","106.66","105.20","2.70K","-0.28%"
"09/20/2018","106.56","106.72","107.04","105.76","5.45K","-1.62%"
"09/19/2018","108.32","109.00","109.00","107.76","2.62K","-3.46%"
"09/18/2018","112.20","111.92","112.24","110.56","2.35K","-0.53%"
"09/17/2018","112.80","109.36","112.80","109.04","9.54K","3.11%"
"09/14/2018","109.40","110.52","111.20","109.40","1.19K","-2.11%"
"09/13/2018","111.76","112.56","112.56","111.76","0.69K","-2.72%"
"09/12/2018","114.88","115.96","115.96","114.36","1.59K","-1.31%"
"09/11/2018","116.40","121.36","121.68","116.40","0.61K","-2.94%"
"09/10/2018","119.92","121.24","121.24","119.12","2.48K","-2.69%"
"09/07/2018","123.24","124.24","125.00","122.20","1.97K","1.48%"
"09/06/2018","121.44","120.88","123.72","119.68","12.25K","3.05%"
"09/05/2018","117.84","120.00","120.64","117.76","1.45K","0.61%"
"09/04/2018","117.12","118.08","119.84","117.12","4.84K","-1.38%"
"08/31/2018","118.76","117.00","119.52","115.56","3.35K","0.61%"
"08/30/2018","118.04","115.84","118.50","115.76","0.65K","3.00%"
"08/29/2018","114.60","115.84","115.84","114.60","1.62K","-0.97%"
"08/28/2018","115.72","115.20","116.08","114.64","0.81K","0.10%"
"08/27/2018","115.60","114.63","115.60","114.48","1.52K","0.14%"
"08/24/2018","115.44","114.00","115.52","113.68","4.84K","-0.59%"
"08/23/2018","116.12","115.92","116.72","114.56","1.24K","0.28%"
"08/22/2018","115.80","117.84","117.84","115.80","4.48K","-1.73%"
"08/21/2018","117.84","114.72","117.92","114.72","1.99K","2.01%"
"08/20/2018","115.52","115.52","115.92","114.88","1.14K","-2.07%"
"08/17/2018","117.96","123.04","123.36","117.60","10.69K","-2.45%"
"08/16/2018","120.92","123.12","123.12","119.52","8.15K","-5.47%"
"08/15/2018","127.92","127.84","135.52","126.64","29.66K","6.25%"
"08/14/2018","120.40","123.92","126.00","120.40","13.92K","-5.05%"
"08/13/2018","126.80","121.12","127.04","117.36","10.96K","5.81%"
"08/10/2018","119.84","119.29","122.00","118.08","12.98K","5.01%"
"08/09/2018","114.12","111.80","114.20","111.44","3.40K","1.77%"
"08/08/2018","112.13","112.16","112.16","112.13","0.56K","-1.85%"
"08/07/2018","114.24","115.36","115.36","114.12","8.22K","-2.42%"
"08/06/2018","117.07","120.56","120.56","117.07","6.55K","-2.89%"
"08/03/2018","120.56","120.72","120.80","120.50","0.55K","-1.76%"
"08/02/2018","122.72","128.19","128.19","122.72","0.25K","-1.03%"
"08/01/2018","124.00","124.24","125.68","122.80","0.48K","-1.21%"
"07/31/2018","125.52","125.52","125.52","125.52","0.24K","-2.33%"
"07/30/2018","128.52","124.64","128.52","124.64","0.94K","1.87%"
"07/27/2018","126.16","122.40","128.52","121.64","0.77K","3.27%"
"07/26/2018","122.16","121.76","122.16","121.76","1.49K","0.26%"
"07/25/2018","121.84","123.44","124.00","120.80","7.49K","-0.91%"
"07/24/2018","122.96","121.36","125.76","121.36","3.04K","-2.60%"
"07/23/2018","126.24","124.56","126.40","124.56","0.87K","0.94%"
"07/20/2018","125.07","126.52","126.60","124.64","0.67K","0.22%"
"07/19/2018","124.80","124.80","125.48","124.48","0.63K","2.09%"
"07/18/2018","122.24","122.24","124.40","121.52","1.29K","-0.52%"
"07/17/2018","122.88","122.92","122.92","122.88","2.56K","-1.66%"
"07/16/2018","124.96","124.88","126.62","124.48","6.98K","-1.54%"
"07/13/2018","126.91","127.68","127.68","126.91","2.68K","-0.85%"
"07/12/2018","128.00","129.76","129.76","128.00","0.67K","-2.56%"
"07/11/2018","131.36","131.68","132.96","131.28","0.42K","3.30%"
"07/10/2018","127.16","128.72","128.92","127.16","3.93K","-2.12%"
"07/09/2018","129.92","132.00","132.00","129.88","14.07K","-5.49%"
"07/06/2018","137.46","140.32","140.32","137.46","0.22K","-4.96%"
"07/05/2018","144.64","144.64","144.64","144.64","0.04K","-4.19%"
"07/03/2018","150.96","150.96","150.96","150.96","0.01K","0.00%"
"07/02/2018","150.96","156.40","156.40","150.96","0.77K","2.22%"
"06/29/2018","147.68","146.96","148.00","143.88","0.47K","-5.82%"
"06/28/2018","156.80","158.96","159.12","156.44","0.50K","1.82%"
"06/27/2018","154.00","144.64","154.96","144.28","1.44K","5.36%"
"06/26/2018","146.16","148.96","149.44","143.52","0.38K","-4.09%"
"06/25/2018","152.40","141.04","156.20","141.04","26.25K","14.35%"
"06/22/2018","133.28","132.08","134.22","131.60","0.43K","-2.60%"
"06/21/2018","136.84","129.12","138.80","129.12","9.34K","6.61%"
"06/20/2018","128.36","128.64","128.64","126.96","13.13K","-2.28%"
"06/19/2018","131.35","132.84","134.84","131.12","1.19K","5.09%"
"06/18/2018","124.99","130.36","130.36","124.88","4.38K","-1.18%"
"06/15/2018","126.48","128.00","128.08","126.48","0.54K","1.11%"
"06/14/2018","125.09","126.40","126.40","124.88","0.67K","-2.70%"
"06/13/2018","128.56","126.64","129.28","126.64","0.38K","0.50%"
"06/12/2018","127.92","127.12","127.92","127.12","0.35K","-0.31%"
"06/11/2018","128.32","130.80","130.80","128.00","1.17K","-1.08%"
"06/08/2018","129.72","129.72","129.72","129.72","0.04K","-1.19%"
"06/07/2018","131.28","128.92","134.56","128.92","3.01K","1.17%"
"06/06/2018","129.76","132.40","132.40","129.76","0.35K","-4.64%"
"06/05/2018","136.08","136.08","136.08","136.08","0.07K","-3.16%"
"06/04/2018","140.52","140.52","140.52","140.52","0.04K","0.00%"
"06/01/2018","140.52","141.32","141.36","140.52","2.59K","-4.90%"
"05/31/2018","147.76","147.80","149.28","145.84","0.95K","1.04%"
"05/30/2018","146.24","147.68","147.68","146.24","0.72K","-4.84%"
"05/29/2018","153.68","144.24","157.72","144.24","2.41K","13.60%"
"05/25/2018","135.28","136.72","136.72","135.28","0.19K","-1.05%"
"05/24/2018","136.72","138.56","141.96","136.72","1.71K","0.59%"
"05/23/2018","135.92","143.76","143.76","135.92","0.40K","-0.77%"
"05/22/2018","136.97","136.97","136.97","136.97","0.09K","0.71%"
"05/21/2018","136.00","134.64","137.24","134.64","0.82K","-4.01%"
"05/18/2018","141.68","141.84","141.96","141.68","0.40K","0.71%"
"05/17/2018","140.68","143.48","143.48","140.68","0.38K","-2.48%"
"05/16/2018","144.26","146.00","146.00","142.96","0.19K","-3.31%"
"05/15/2018","149.20","146.28","149.20","145.28","0.42K","7.25%"
"05/14/2018","139.12","139.12","139.12","139.12","0.08K","-2.93%"
"05/11/2018","143.32","145.68","147.04","143.32","18.69K","-2.40%"
"05/10/2018","146.84","146.44","146.84","146.44","0.20K","-5.36%"
"05/09/2018","155.16","156.96","156.96","154.76","0.73K","-2.42%"
"05/08/2018","159.00","159.00","159.00","159.00","","0.00%"
"05/07/2018","159.00","159.56","159.56","159.00","0.27K","-1.36%"
"05/04/2018","161.20","161.20","161.20","161.20","0.05K","-6.28%"
"05/03/2018","172.00","167.92","175.00","167.92","0.57K","8.15%"
"05/02/2018","159.04","162.28","162.64","159.04","0.15K","-6.14%"
"05/01/2018","169.44","169.20","169.44","169.20","0.07K","3.27%"
"04/30/2018","164.08","164.08","164.08","164.08","0.00K","-0.98%"
"04/27/2018","165.70","166.96","166.96","165.70","0.07K","-2.44%"
"04/26/2018","169.84","175.04","175.04","169.28","0.32K","-4.69%"
"04/25/2018","178.20","183.00","183.00","177.20","1.14K","7.12%"
"04/24/2018","166.36","166.36","166.36","166.36","0.20K","-0.02%"
"04/23/2018","166.40","167.60","167.60","164.36","0.37K","-1.21%"
"04/20/2018","168.44","170.20","170.20","168.44","0.32K","2.78%"
"04/19/2018","163.88","166.72","169.36","163.84","5.88K","1.01%"
"04/18/2018","162.24","165.04","165.04","162.08","0.48K","0.65%"
"04/17/2018","161.20","161.20","161.20","161.20","0.18K","-7.67%"
"04/16/2018","174.60","174.60","174.60","174.60","0.14K","-5.07%"
"04/13/2018","183.92","183.92","183.92","183.92","0.19K","-4.39%"
"04/12/2018","192.36","192.36","192.36","192.36","0.19K","-3.43%"
"04/11/2018","199.20","199.20","199.20","199.20","0.03K","0.00%"
"04/10/2018","199.20","199.20","199.20","199.20","0.03K","0.00%"
"04/09/2018","199.20","199.20","199.20","199.20","0.26K","0.00%"
"04/06/2018","199.20","191.64","206.80","191.64","0.23K","5.13%"
"04/05/2018","189.48","189.48","189.48","189.48","0.50K","-2.69%"
"04/04/2018","194.72","210.48","210.88","194.16","0.69K","-1.89%"
"04/03/2018","198.48","202.24","204.68","198.48","0.15K","-4.28%"
"04/02/2018","207.36","194.64","213.68","193.76","1.13K","5.80%"
"03/29/2018","196.00","196.00","196.00","196.00","0.10K","-2.19%"
"03/28/2018","200.38","204.92","206.00","200.38","13.13K","0.63%"
"03/27/2018","199.12","185.20","202.40","185.20","8.46K","7.52%"
"03/26/2018","185.20","188.56","196.88","185.20","8.44K","-7.40%"
"03/23/2018","200.00","188.16","200.08","182.08","7.82K","5.93%"
"03/22/2018","188.80","180.64","190.12","173.72","6.91K","15.15%"
"03/21/2018","163.96","167.84","168.48","159.20","3.83K","-3.64%"
"03/20/2018","170.16","172.32","172.32","170.16","0.47K","-1.91%"
"03/19/2018","173.48","161.28","180.72","161.28","4.36K","10.36%"
"03/16/2018","157.20","157.20","157.20","157.20","0.25K","-2.82%"
"03/15/2018","161.76","161.04","162.76","161.04","0.20K","-2.79%"
"03/14/2018","166.40","161.96","167.88","161.96","5.99K","2.19%"
"03/13/2018","162.84","160.32","162.84","160.32","0.40K","2.39%"
"03/12/2018","159.04","155.68","160.00","155.68","0.48K","3.95%"
"03/09/2018","153.00","161.28","161.28","153.00","3.69K","-10.19%"
"03/08/2018","170.36","170.32","170.40","170.32","13.96K","-1.05%"
"03/07/2018","172.16","178.00","178.00","172.12","0.81K","-1.49%"
"03/06/2018","174.76","172.48","180.04","172.48","5.26K","0.53%"
"03/05/2018","173.84","183.88","183.88","172.16","8.79K","-3.68%"
"03/02/2018","180.48","198.72","202.08","180.48","13.97K","-4.41%"
"03/01/2018","188.80","175.28","197.28","175.28","11.34K","6.88%"
"02/28/2018","176.64","165.28","177.32","164.80","18.08K","4.13%"
"02/27/2018","169.64","156.68","170.48","156.68","17.37K","7.97%"
"02/26/2018","157.12","157.28","158.04","154.80","1.03K","-2.99%"
"02/23/2018","161.96","170.08","171.44","161.88","13.91K","-7.81%"
"02/22/2018","175.68","172.96","178.04","171.20","13.94K","-1.30%"
"02/21/2018","178.00","173.64","178.16","164.32","35.67K","1.51%"
"02/20/2018","175.36","172.80","178.72","171.56","10.98K","4.08%"
"02/16/2018","168.48","168.80","170.96","162.24","4.65K","1.49%"
"02/15/2018","166.00","164.12","171.36","163.54","3.39K","-2.31%"
"02/14/2018","169.92","189.28","189.32","169.28","22.33K","-11.44%"
"02/13/2018","191.88","195.24","196.24","190.40","9.15K","-1.19%"
"02/12/2018","194.20","193.12","200.32","192.00","3.65K","-3.44%"
"02/09/2018","201.12","198.88","225.60","196.00","11.12K","-8.88%"
"02/08/2018","220.72","181.72","220.72","181.44","25.20K","23.89%"
"02/07/2018","178.16","174.96","180.36","167.68","6.95K","3.31%"
"02/06/2018","172.46","184.00","232.40","172.46","3.09K","-1.70%"
"02/05/2018","175.44","135.76","177.48","130.52","13.08K","33.52%"
"02/02/2018","131.40","120.16","133.20","120.12","7.30K","12.86%"
"02/01/2018","116.43","120.60","120.60","115.68","2.69K","-5.03%"
"01/31/2018","122.60","119.84","122.72","119.84","2.30K","0.33%"
"01/30/2018","122.20","123.16","127.24","121.96","15.83K","3.28%"
"01/29/2018","118.32","116.80","118.32","116.80","0.36K","6.94%"
"01/26/2018","110.64","110.64","110.64","110.64","","0.00%"
"01/25/2018","110.64","110.64","110.64","110.64","","0.00%"
"01/24/2018","110.64","111.58","111.58","110.64","0.43K","2.63%"
"01/23/2018","107.80","106.80","107.80","106.80","0.60K","1.58%"
"01/22/2018","106.12","106.12","106.12","106.12","0.05K","-1.38%"
"01/19/2018","107.60","108.20","109.48","107.28","2.20K","-1.32%"